product_title,cluster_label,category_label
intel xeon gold 6154 3 ghz 18 core 36 threads 24.75 mb cache lga3647 socket oem,Intel Xeon Gold 6154 3.0GHz Tray,CPUs
samsung ue49nu7300 49 inch curved ultra hd 4k freeview certified hdr smart tv,Samsung UE49NU7300,TVs
classic black,Myphone Classic + Dual SIM,Mobile Phones
hewlett packard enterprise intel xeon e5504 2ghz 4mb l3 processor,HP Intel Xeon DP E5504 2.0GHz Socket 1366 800MHz bus Upgrade Tray,CPUs
intel 3060 processor 2.4 ghz box 4 mb l2,Intel Xeon 3040 1.86GHz Socket 775 1066MHz Box,CPUs
blomberg lrf285411w washer dryer in white 1400rpm 8kg 5kg,Blomberg LRF285411,Washing Machines
siemens be634lgs1b 900w 21l built in microwave with grill stainless steel,Siemens BE634LGS1B Stainless Steel,Microwaves
siemens geschirrsp ler 45 cm speedmatic45 iq500 sr656d00te,Siemens SR656D00TE Integrated,Dishwashers
hewlett packard enterprise amd opteron 2352 2.1ghz 2mb l3 processor,HP AMD Opteron Quad-core 2352 2.10GHz Socket F 1000MHz bus Upgrade Tray,CPUs
bosch toplader wei wor20156,Bosch WOR20156,Washing Machines
hewlett packard enterprise intel xeon e5630 2.53ghz 12mb l3 processor,HP Intel Xeon E5630 2.53GHz Upgrade Tray,CPUs
hewlett packard enterprise bl685c g7 6238 2.6ghz 16mb l3 processor,HP AMD Opteron 6238 2.6GHz Upgrade Tray,CPUs
lg g2 16gb sim free smartphone uk version white,LG G2 16GB,Mobile Phones
iceking tt35ap2 table top freezer,Iceking TT35AP White,Freezers
sony ericsson g900i mobile phone,Sony Ericsson G900,Mobile Phones
akai digital microwave 800w,Akai A24003 Silver,Microwaves
hewlett packard enterprise amd opteron 8435 2.6ghz 6mb l3 box processor,HP AMD Opteron 8435 Six-Core 2.60GHz Socket F 2400MHz bus Upgrade Tray,CPUs
philips 55oled903,Philips 55OLED903,TVs
smeg fab28qro1 50s style pink fridge,Smeg FAB28QRO1 Pink,Fridges
hoover hz54we 55cm wide freestanding upright under counter freezer white,Hoover HZ54WE White,Freezers
reflexion led1017t2hd portable tv 25.4 cm 10 battery powered camping tv incl. 12v car power cable incl. dvb antenna,Reflexion LED1017T2HD,TVs
bosch serie 6 gin41ae30g 56cm wide frost free integrated upright freezer white,Bosch GIN41AE30G Integrated,Freezers
sony kd75xf9005bu 75 4k uhd tv led hdr 4k smart android freeview hd youview,Sony Bravia KD-75XF9005,TVs
bosch sms46mw02g 60cm dishwasher,Bosch SMS46MW02G White,Dishwashers
liebherr kpef 4350 20,Liebherr KPef 4350 Premium Stainless Steel,Fridges
lg kc550 mobile phone,LG KC550,Mobile Phones
aeg free standing dishwasher in stainless steel,AEG FFE83700PM Stainless Steel,Dishwashers
beafon sl250 eu1bs bea fon sl250 black silver unlocked,Beafon AL550 Dual SIM,Mobile Phones
intel xeon processor e5 2658 v4 35m cache 2.30 ghz 35mb,Intel Xeon E5 2658V4 2.3GHz Tray,CPUs
htc wildfire s black,HTC Wildfire S,Mobile Phones
intel xeon e3 1225 v6 4x 3.30ghz sockel 1151 box bx80677e31225v6,Intel Core E3-1225 v6 3.3GHz Box,CPUs
hp xeon x5680 3.33ghz 12mb l2 processor,HP Intel Xeon X5680 3.33GHz Socket 1366 3200MHz bus Upgrade Tray,CPUs
iphone xs max gold 6.5 256gb 4g unlocked sim free,Apple iPhone XS Max 256GB,Mobile Phones
mikrowelle mo4250cli gorenje,Gorenje MO4250CLI Cream,Microwaves
panasonic lumix dmc g70 inkl. lumix g vario 3 5 5 6 14 140 mm power ois schwarz,Panasonic Lumix DMC-G70 + 14-140mm,Digital Cameras
montpellier mwdi7555 1400 spin built in washer dryer,Montpellier MWDI7555,Washing Machines
hewlett packard enterprise dl385 g7 amd opteron 6132he processor kit 2.2ghz 12mb l3 processor,HP AMD Opteron 6132HE 2.2GHz Socket G34 3200MHz bus Upgrade Tray,CPUs
neff microwave oven 25litre black frameless,Neff H12GE60S0G Black,Microwaves
canon eos 800d digital slr camera with 18 55mm is stm lens,Canon EOS 800D + 18-55mm IS STM,Digital Cameras
rff332wha,Nordmende RFF332WHAPlus White,Fridge Freezers
sony kd 55xf7596 55 xf75 4k ultra hd hdr smart tv,Sony KD-55XF7596,TVs
aeg ffb53600zm full size dishwasher stainless steel,AEG FFB53600ZM Stainless Steel,Dishwashers
sharp r20dwm solo microwave 20 litre 800 w white,Sharp R20DWM White,Microwaves
wiko lenny 3 rose gold,Wiko Lenny 3 Dual SIM,Mobile Phones
intel core intel core i7 5820k processor 15m cache up to 3.60 ghz,Intel Core i7-5820K 3.3GHz  Box,CPUs
lg oled65g8pla 65 smart 4k ultra hd hdr oled tv,LG OLED65G8PLA,TVs
nikon d610 with 24 85mm f3.5 4.5g ed vr digital slr lens kit,Nikon D610 + 24-85mm VR,Digital Cameras
neff s72t69x3gb 60cm fully integrated taller height dishwasher display clearance,Neff S72T69X3GB Integrated,Dishwashers
john lewis partners jlwm1407 freestanding washing machine 7kg load 1400rpm spin a energy rating white,John Lewis JLWM1407,Washing Machines
gorenje onrk193bk frost free fridge freezer retro style rh hinge black,Gorenje ONRK193BK Black,Fridge Freezers
lg 43lk5900pla 43 full hd smart tv wi fi black led tv,LG 43LK5900PLA,TVs
nokia 8 glossy blue 128 gb android 7.1 smartphone,Nokia 8 128GB,Mobile Phones
liebherr gn 3023 21 comfort freistehend,Liebherr GN3023 White,Freezers
hp amd opteron dual core 2216 he 2.4ghz upgrade 2.4ghz 2mb l2,HP AMD Opteron 2216 HE 2.4GHz Upgrade Tray,CPUs
candy csc1365be freestanding fridge freezer black,Candy CSC1365BE,Fridge Freezers
sony kd43xf8505bu bravia 43in android tv 4k hdr ultra hd with youview freeview hd,Sony Bravia KD-43XF8505,TVs
hisense rq560n4wc1 american multi door fridge freezer stainless steel a,Hisense RQ560N4WC1,Fridge Freezers
miele fn28262clst 60cm wide frost free freestanding upright freezer clean steel,Miele FN 28262 edt/cs Stainless Steel,Freezers
bosch einbau k hlschrank kir21ed30 eek a,Bosch KIR21ED30 Integrated,Fridges
bosch einbau k hl /gefrier kombination top freezer schleppt r technik kid26v21ie eek a,Bosch KID26V21IE Integrated,Fridge Freezers
miele wdb020 freestanding 7kg front loading eco washing machine white,Miele WDB020,Washing Machines
lec intfz600 built in freezer,Lec INTFZ600 Integrated,Freezers
aeg ffb53600zw 13 place freestanding dishwasher white,AEG FFB53600ZW White,Dishwashers
gorenje rb4092anw,Gorenje RB4092ANW White,Fridges
xiaomi mi a1 64g golden 4g ram dual camera 5.5 dual sim androidone non uk official version,Xiaomi Mi A1 64GB Dual SIM,Mobile Phones
liebherr t1414 50cm freestanding undercounter fridge with ice box white,Liebherr TP1414 White,Fridges
rollei sportsline 80 black,Rollei Sportsline 80,Digital Cameras
bosch wdu28560gb 10kg serie 6 washer dryer white,Bosch WDU28560GB,Washing Machines
bosch hmt75m451b freestanding microwave,Bosch HMT75M451B Stainless Steel,Microwaves
rb29fsjndsa 307 litre frost free fridge freezer,Samsung RB29FSJNDSA Stainless Steel,Fridge Freezers
intel xeon l5506 processor 2.13 ghz 4 mb smart cache,Intel Xeon L5506 2.13GHz Socket 1366 2400MHz bus Tray,CPUs
whirlpool wfc3c24p 14 place dishwasher,Whirlpool WFC3C24PUK White,Dishwashers
russell hobbs rhm2079rso compact solo microwave red,Russell Hobbs RHM2079RSO Red,Microwaves
bosch sms25ew00g/sms25ew00g,Bosch SMS25EW00G White,Dishwashers
samsung ms28j5255uw solo microwave,Samsung MS28J5255UW White,Microwaves
canon ixus 285 hs digital camera in silver,Canon IXUS 285 HS,Digital Cameras
amd a8 7600 kaveri quad core 3.1ghz socket fm2 65w processor radeon r7 series ad7600ybjabox,AMD A8-7600 3.1GHz  Box,CPUs
amd ryzen 7 2700 8 core 20 mb cache 65 w cpu with wraith spire cooler black,AMD Ryzen 7 2700 3.2GHz  Box,CPUs
siemens sn636x00ie dishwasher,Siemens SN636X00IE Integrated,Dishwashers
aeg waschmaschinen l6fb55480 8kg eek a skala a bis d l6fb55480 914913436 914 913 436,AEG L6FB55480,Washing Machines
toshiba td h24363g 61 cm 24 led 1366 x 768 pixels 220 cd/m h,Toshiba TD-H24363G,TVs
aquapix w1024 y waterproof camera yellow 10 mp 2.4 inch tft lcd,Easypix Aquapix W1024 Splash,Digital Cameras
hoover dynamic next advance free standing washing machine in white,Hoover DXOA147LW3,Washing Machines
hoover hbwm84tahc built in washer 1400rpm 8kg white,Hoover HBWM 84TAHC-80,Washing Machines
intel celeron 335 processor 2.8 ghz box 0.256 mb l2,Intel Celeron D 335 2.8GHz Socket 478 533MHz bus Tray,CPUs
crosscall 774553 action x3 32 gb uk sim free smartphone black/red,Crosscall Action X3 Dual SIM,Mobile Phones
lec cf150l chest freezer white,Lec CF150L Mk2 White,Freezers
beko dfn04210b 12 place dishwasher in black a basket adjustable 4 programmes,Beko DFN04210 Black,Dishwashers
sony a77 ii aps c interchangeable lens camera with sel1650 zoom lens 24.3 mp aps c exmor cmos sensor bionz x engine 3 inch lcd black,Sony Alpha 77 II + 16-50mm,Digital Cameras
liebherr cn5715 70cm frost free fridge freezer,Liebherr CN 5715 Comfort NoFrost White,Fridge Freezers
amd 875 opteron processor dual core,AMD Opteron 875 2.2GHz Socket 940 1000MHz bus Tray,CPUs
fisher paykel e522blxfdu4 activesmart fridge freezer brushed steel,Fisher & Paykel E522BLXFDU4 Stainless Steel,Fridge Freezers
montpellier mab385kaa 70/30 freestanding retro frost free fridge freezer black,Montpellier MAB385K Black,Fridge Freezers
igenix ig2980 microwave,Igenix IG2980 White,Microwaves
gorenje 122cm built in fridge ri4121aw,Gorenje RI4121AW Integrated,Fridges
hewlett packard enterprise amd opteron 8347 he 1.9ghz 2mb l3 processor,HP AMD Opteron 8347 HE Quad-Core 1.9GHz Socket F Upgrade Tray,CPUs
sony bravia kd49xf7073su 49 smart 4k ultra hd hdr led tv,Sony KD-49XF7073,TVs
neff c17wr01n0b built in microwave 900w 21litre right hinged st/steel,Neff C17WR01N0B Stainless Steel,Microwaves
hewlett packard enterprise amd opteron 6174 2.2ghz 12mb l3 box processor,HP AMD Opteron 6174 2.2GHz Socket G34 6400MHz bus Upgrade Tray,CPUs
samsung fridges and freezers chef collection rb36j8799s4 220 240 v,Samsung RB36J8799S4 Stainless Steel,Fridge Freezers
lg g3,LG G3 16GB,Mobile Phones
beko wm7120w clearance 7kg 1200 spin,Beko WM7120W,Washing Machines
bosch kge49bi30g 70 cm a energy rating stainless steel,Bosch KGE49BI30G Stainless Steel,Fridge Freezers
aeg rfb52412ax,AEG RFB52412AX Stainless Steel,Fridges
neff ki2822s30g integrated fridge with ice box in white 1 77m a rated,Neff KI2822S30G Integrated,Fridges
bosch kgv36vl32g fridge freezer low frost 215 94 litres st/steel look,Bosch KGV36VL32G Stainless Steel,Fridge Freezers
sony slt a99 mark ii geh use ilca99m2,Sony Alpha 99 II,Digital Cameras
sharp qw d21i492x full size integrated dishwasher,Sharp QW-D21I492X Integrated,Dishwashers
hotpoint rpd8457j/rpd8457j,Hotpoint RPD8457J,Washing Machines
bosch einbau gefrierschrank flachscharnier giv21af30,Bosch GIV21AF30 White,Freezers
bosch kag90ai20g serie 6 usa style side by side fridge freezers,Bosch KAG90AI20 Stainless Steel,Fridge Freezers
siemens geschirrsp ler 45 cm speedmatic45 iq500 sr656x01te,Siemens SR656X01TE Integrated,Dishwashers
hotpoint rsaav22p.1 under counter fridge in white,Hotpoint RSAAV22P White,Fridges
igenix ig347ff wide freestanding under counter fridge freezer with 2 shelves and 1 salad drawer reversible door 47 cm white,Igenix IG347FF White,Fridge Freezers
akai 700w digital microwave,Akai A24006C Cream,Microwaves
hoover hff195wwk fridge freezer with water dispenser,Hoover HFF195WWK,Fridge Freezers
philips hospitality display studio 55hfl2879t led tv 139 cm 55 schwarz,Philips 55HFL2879T,TVs
hisense rib291f4aw1 integrated 50 50 frost free fridge freezer sliding rail,Hisense RIB291F4AW1 Integrated,Fridge Freezers
serie 4 kgv39vw32g 342 litre fridge freezer,Bosch KGV39VW32G White,Fridge Freezers
intel core i5 7600t 2.8 ghz 4 kerne 4 threads 6 mb cache speicher lga1151 socket oem bx80677i57600t,Intel Core i5-7600T 2.80GHz Box,CPUs
hp intel xeon dp x5690 hexa core 6 core 3.46 ghz processor upgrade,HP Intel Xeon X5690 3.46GHz Socket 1366 1333MHz bus Upgrade Tray,CPUs
huawei p smart blau,Huawei P Smart 32GB Dual SIM,Mobile Phones
sony a7 mark iii mit 28 70/3 5 5 6 oss ilce7m3kb,Sony Alpha 7 III + 28-70mm OSS,Digital Cameras
miele twin dos wmh122 9kg 1600 spin washing machine with white door a 40,Miele WMH122WPS,Washing Machines
sony kd43xf8096bu 43 4k uhd smart tv android freeview hd youview,Sony Bravia KD-43XF8096,TVs
aeg l6fbg942r/l6fbg942r,AEG L6FBG942R,Washing Machines
beko washing machine wm5102w 5kg load with 1000rpm white,Beko WM5102,Washing Machines
bosch sps24cw00g serie 2 slimline 9 place freestanding dishwasher white,Bosch SPS24CW00G White,Dishwashers
miele g6620 sc 60cm wide freestanding dishwasher with 3d cutlery tray white,Miele G 6620 SC White,Dishwashers
siemens kg39nlb35 iq 500 60cm freestanding frost free fridge freezer black,Siemens KG39NLB35 Black,Fridge Freezers
canon black eos 700d digital slr camera with 18 55mm lens 8596b027,Canon EOS 700D + 18-55mm IS STM,Digital Cameras
samsung microwave ms23f301tas,Samsung MS23F301TAS Silver,Microwaves
samsung 50 inch 50nu7400 smart 4k uhd tv with hdr,Samsung UE50NU7400,TVs
neff microwave oven 20 litres black frameless,Neff H11WE60S0G Black,Microwaves
fw 49xe8001 49 4k hdr professional bravia 18/7 440 cd/m2 landscape,Sony Bravia FW-49XE8001,TVs
samsung rsa1rtmg1 water dispenser non plumbed a,Samsung RSA1RTMG Grey,Fridge Freezers
hotpoint extra wmxtf942p 9 kilogram washing machine with 1400 rpm white a plus plus rated,Hotpoint WMXTF942P,Washing Machines
samsung wb30f 10 multiplier x,Samsung WB30F,Digital Cameras
sia tt01bl 47l counter table top mini drinks fridge with ice box in black a,SIA TT01BL Black,Fridges
samsung rs54n3103sa/eu american style fridge freezer metal graphite,Samsung RS54N3103SA/EU Graphite,Fridge Freezers
lg hospitality display 65uv761h led tv 165 cm 65 silber,LG 65UV761H,TVs
htc desire 12 black unlocked,HTC Desire 12+ Dual SIM,Mobile Phones
nokia 105 white,Nokia 105,Mobile Phones
smeg 50 s retro integrated dishwasher in red,Smeg DI6FABRD Integrated,Dishwashers
smeg uk35px4 60cm freestanding larder fridge stainless steel,Smeg UK35PX4 Stainless Steel,Fridges
hotpoint wmfug742g smart washing machine graphite,Hotpoint WMFUG742G,Washing Machines
wiko jerry 2 12 7 cm 5 zoll smartphone 5mp,Wiko Jerry 2 Dual SIM,Mobile Phones
samsung qe55q7fna 55 4k ultra hd smart qled tv,Samsung QE55Q7F,TVs
liebherr cbnpes4878 60cm biofresh frost free fridge freezer stainless steel,Liebherr CBNPes 4878 Stainless Steel,Fridge Freezers
hisense free standing fridge freezer in silver,Hisense RB320D4WG1 Grey,Fridge Freezers
hisense wfp8014v 8kg 1400rpm freestanding washing machine white,Hisense WFP8014V,Washing Machines
montpellier mtl6120w 6kg 1200rpm freestanding top loading washing machine white,Montpellier MTL6120W,Washing Machines
amd ps755pbdafwof epyc wof 7551p 1p 2.00 ghz processor,AMD EPYC 7551P 2.GHz Tray,CPUs
miele g4940sciwh/g4940sciwh,Miele G 4940 SCI,Dishwashers
huawei ascend g6 4g,Huawei Ascend G6,Mobile Phones
viewsonic cde5561t 55 inch large format display digital signage 120,Viewsonic CDE5561T,TVs
cda fw482 integrated freezer,CDA FW482 Integrated,Freezers
canon eos 5d mark iv body,Canon EOS 5D Mark IV,Digital Cameras
swan retro sm22070rn solo microwave red,Swan SM22070RN Red,Microwaves
frost free fridge freezer,Hisense RB335N4WB1 Black,Fridge Freezers
bc50f beko fridge freezer frost free built in,Beko BC501 Integrated,Fridge Freezers
intel core 2 quad q9650 3 ghz 4 cores 12 mb cache lga775 socket box,Intel Core 2 Quad Q9650 3.0GHz Box,CPUs
samsung galaxy note white,Samsung Galaxy Note 16GB,Mobile Phones
intel bx80532ke3066e processor 3.06 ghz 1 mb l2,Intel Xeon 3.0GHz Socket 604 533MHz Box,CPUs
miele kfn37682id 177cm integrated 70/30 frost free fridge freezer,Miele KFN 37682 iD Integrated,Fridge Freezers
gorenje k hl gefrier kombi h 185 cm nrk 6192 mrd,Gorenje NRK6192MRD Red,Fridge Freezers
bosch smv40c30gb 60cm serie 2 integrated dishwasher in black 12 place,Bosch SMV40C30GB Integrated,Dishwashers
bosch silence plus geschirrsp ler stand wei sms46kw00e,Bosch SMS46KW00E White,Dishwashers
neff s713m60x0g 60cm fully integrated dishwasher,Neff S713M60X0G Integrated,Dishwashers
sony xperia xa1 ultra 6 4g 4gb 32gb 2700mah gold,Sony Xperia XA1 Ultra 32GB,Mobile Phones
hewlett packard enterprise amd opteron 6164 he 1.7ghz 12mb l3 processor,HP AMD Opteron 6164 HE 1.7GHz Upgrade Tray,CPUs
lg oled55c8p 55 4k hdr smart oled tv dolby atmos cinema screen,LG OLED55C8PLA,TVs
miele integrated larder fridge in white,Miele K 37222 iD Integrated,Fridges
intel pentium e5700 3 ghz 2 cores 2 mb cache lga775 socket oem,Intel Pentium E5700 3.0GHz Socket 775 800MHz bus Tray,CPUs
canon powershot sx740 hs digital camera black,Canon PowerShot SX740 HS,Digital Cameras
lg lgh870.aitcbk h870 g6 32 gb uk sim free smartphone astro black,LG G6 32GB,Mobile Phones
indesit eco time free standing dishwasher in white,Indesit DFG 15B1 White,Dishwashers
amd fx 6300 black edition 6 core 3.5ghz desktop processor,AMD FX-6300 3.5GHz  Box,CPUs
bosch giv11ad40 gefrierger t integrierbar,Bosch GIV11AD40 Integrated,Freezers
aeg s53600csw0 185cm x 60cm white a rated fridge freezer,AEG S53600CSW0 White,Fridge Freezers
nikon d7500 af s dx 18 200 mm 1 3 5 5 6g ed,Nikon D7500 + 18-200mm VR II,Digital Cameras
1200rpm washing machine 7kg load class a graphite,Hotpoint WMAQF721G,Washing Machines
sony cyber shot dsc rx100 20.2 mp 5472 x 3648 pixels cmos 3.6x f,Sony Cyber-shot DSC-RX100,Digital Cameras
smeg fridges and freezers fab28luj1 220 240 v,Smeg FAB28LUJ1 Retro,Fridges
panasonic dmc fz300 schwarz,Panasonic Lumix DMC-FZ300,Digital Cameras
samsung qe55q6fnatxxu 55 smart 4k ultra hd hdr qled tv,Samsung QE55Q6FN,TVs
250litre upright freezer class a frost free white,Zanussi ZFU25113WV White,Freezers
sony kdl43wf663bu 43 full hd smart led tv with freeviewhd freeviewplay,Sony KDL-43WF663,TVs
gorenje riu6f091awuk integrated undercounter fridge a energy rating 60cm wide,Gorenje RIU6F091AWUK Integrated,Fridges
hewlett packard enterprise intel xeon e5540 2.53ghz 8mb l3 processor,HP Intel Xeon DP E5540 2.53GHz Socket 1366 1066MHz bus Upgrade Tray,CPUs
neff w544bx0gb 1400rpm built in 8kg washing machine white,Neff W544BX0GB,Washing Machines
nikon coolpix w100 digital compact camera,Nikon CoolPix W100,Digital Cameras
liebherr cufr3311 combination fridge freezer fire red,Liebherr CUfr 3311 Red,Fridge Freezers
bosch 6kg 1200 spin washing machine wab24161gb,Bosch WAB24161GB,Washing Machines
aeg geschirrsp ler fsb31600z,AEG FSB31600Z Integrated,Dishwashers
bosch wvh28424gb 7kg washer dryer white,Bosch WVH28424GB,Washing Machines
digihome 292uhdfvp ultra hd smart led tv with freeview play in,DigiHome 55292UHDFVP,TVs
olympus om d e m10 mark iii silber 14 42mm 3.5 5.6 ez silber 100 cashback,Olympus OM-D E-M10 Mark III + 14-42mm EZ,Digital Cameras
bosch sms46cw01e,Bosch SMS46CW01E White,Dishwashers
samsung ww90j5456fw ecobubble freestanding washing machine 9kg load a energy rating 1400rpm spin white/grey,Samsung WW90J5456FW/EU,Washing Machines
1600rpm washer dryer 9kg/6kg load class a black,Hotpoint RD966JKD,Washing Machines
aeg okomix l8fec846r washing machine white,AEG L8FEC846R,Washing Machines
14 place dishwasher 8 progs class a white,Whirlpool WFC 3C26 White,Dishwashers
liebherr icus2924 158cm integrated 80/20 fridge freezer,Liebherr ICUS 2924 Comfort Integrated,Fridge Freezers
zanussi zbf22451sv in column 177cm frost free freezer sliding rail,Zanussi ZBF22451SV Integrated,Freezers
amd fx 6350 am3 wraith fx 6350 3.9 ghz 6 core cpu black,AMD FX-6350 3.9GHz  Bax,CPUs
neff s51m53x3gb built in dishwasher with 13 place settings,Neff S51M53X3GB Integrated,Dishwashers
samsung i9505 galaxy s4 android 16gb black,Samsung Galaxy S4 i9505 16GB,Mobile Phones
cda wc600 60cm fully integrated dishwasher,CDA WC600 Integrated,Dishwashers
sony kd49xf8505bu bravia 49in android tv 4k hdr ultra hd with youview freeview hd,Sony Bravia KD-49XF8505,TVs
nokia 7360,Nokia 7360,Mobile Phones
canon eos 1d x mark ii body,Canon EOS-1D X Mark II,Digital Cameras
hotpoint aquarius wmaqf721p washing machine white,Hotpoint WMAQF721P,Washing Machines
liebherr gp2733 60cm freestanding freezer,Liebherr GP 2733 White,Freezers
neff hlawd53n0b 38cm built in microwave stainless steel,Neff HLAWD53N0 Black,Microwaves
gorenje fn6181cw freezer,Gorenje FN6181CW White,Freezers
smeg fab50lwh 80.4cm 50s style white left handhinge frost free fridge freezer,Smeg FAB50LWH White,Fridge Freezers
samsung ue49m5520 49 fhd smart led tv,Samsung UE49M5520,TVs
cda wc370in fully integrated dishwasher,CDA WC370 Integrated,Dishwashers
zanussi zqa14031da 60cm wide built under larder fridge,Zanussi ZQA14031DA Integrated,Fridges
aeg scb61826ns a k hl gefrierkombi integ.178x56,AEG SCB61826NS Integrated,Fridge Freezers
intel xeon processor e5507 4m cache 2.26 ghz 4.80 gt/s,Intel Xeon E5507 2.26GHz Socket 1366 2400MHz bus Tray,CPUs
washing machine,Miele WCE320 PWash 2.0,Washing Machines
olympus om d e m10 mark iii mirrorless camera with m.zuiko digital ed 14 42 mm f/3.5 5.6 ez ed 40 150 mm f/4 5.6 r lens,Olympus E-M10 Mark III + 14-42mm EZ + 40-150mm R,Digital Cameras
beko din15r10 fully integrated full size 60cm 12 place dishwasher silver,Beko DIN15R10 Integrated,Dishwashers
neff ki1413d30g integrated larder fridge a energy rating 56cm wide,Neff KI1413D30 Integrated,Fridges
lenovo smartphone dual sim k6 pa530099it 16gb italia gold,Lenovo K6 Dual SIM,Mobile Phones
samsung hg55ef690db hf690 series 55 led display,Samsung HG55ED690,TVs
serie 4 kgn36xw35g 320 lire no frost fridge freezer,Bosch KGN36XW35G White,Fridge Freezers
1400rpm washing machine 7kg load class a,Bosch WAN28000GB,Washing Machines
hisense fv105d4bw2 under counter freezer white,Hisense FV105D4BW2 White,Freezers
bosch kir18v20gb built in 88cm single door fridge white,Bosch KIR18V20GB Integrated,Fridges
lg ck50 leon,LG Leon,Mobile Phones
zanussi zqf11431dv integrated undercounter freezer,Zanussi ZQF11431DV Integrated,Freezers
beko freestanding tall larder fridge lsg1545w,Beko LSG1545W White,Fridges
blomberg ldf30110w full size dishwasher white a rated,Blomberg LDF30110W White,Dishwashers
intel xeon processor e3 1585l v5 8m cache 3.00 ghz 8mb smart cache,Intel Xeon E3-1585L v5 3GHz Tray,CPUs
zanussi zwf81443w 8kg washing machine,Zanussi ZWF81443W,Washing Machines
bosch kgv33vw31,Bosch KGV33VW31 White,Fridge Freezers
hotpoint rza36p freezer 2.7cf polar a energy rated white,Hotpoint RZA36P White,Freezers
hoover free standing fridge freezer in white,Hoover HSC185WEHK White,Fridge Freezers
gorenje nrk6191gwuk,Gorenje NRK6191GWUK,Fridge Freezers
bosch gid18a20gb classixx built in under integrated freezer 0 87m a,Bosch GID18A20GB Integrated,Freezers
intel core i5 3210m processor 3m cache up to 3.10 ghz,Intel Core i5-3210M 2.5GHz Tray,CPUs
liebherr einbauk hlschrank iks2330,Liebherr IKS 2330 Comfort Integrated,Fridges
pentax k 70 kit 18 135mm schwarz,Pentax K-70 + 18-135mm,Digital Cameras
htc one m9 gold on gold,HTC One M9,Mobile Phones
smeg double door refrigerator fab30raz1 pastel bluee,Smeg FAB30RAZ1 Blue,Fridge Freezers
panasonic lumix g9 leica 12 60/2 8 4 0,Panasonic Lumix DC-G9L + 12-60mm F2.8-4 OIS,Digital Cameras
bosch ki22lvf30 einbau khlautomat 88cm eek a skala a bis d ki22lvf30,Siemens KI22LVF30 White,Fridges
siemens stand gefrierschrank weiss gs36vvw31,Siemens GS36VVW31 White,Freezers
nokia 5 black,Nokia 5,Mobile Phones
candy csc1745se eol fridge freezer,Candy CSC1745SE Silver,Fridge Freezers
liebherr integrated larder fridge in white,Liebherr IKS 1620 Integrated,Fridges
kenwood k25mw14 solo microwave white,Kenwood K25MW14 White,Microwaves
110litre built in fridge ice box auto defrost class a,Bosch KUL15A60 Integrated,Fridges
viewsonic cde4302 signage display 109.2 cm 43 led full hd,Viewsonic CDE4302,TVs
frost free fridge freezer,Bosch KGN34XL35G Stainless Steel,Fridge Freezers
beko ras121ls american style fridge freezer silver,Beko RAS121L,Fridge Freezers
lg oled55b8slc 55 oled tv,LG OLED55B8PLA,TVs
russell hobbs rhmm701c 17l 700w freestanding manual microwave in cream,Russell Hobbs RHMM701C Cream,Microwaves
miele k12012s/k12012s,Miele K 12012 S-2 White,Fridges
hbwm814sac washing machine 8kg load 1400 spin a energy rating in white,Hoover HBWM 814SAC-80,Washing Machines
lg 43uj651v 43 inch ultra hd 4k tv,LG 43UJ651V,TVs
nikon d610 digital slr body,Nikon D610,Digital Cameras
hewlett packard enterprise dl380p gen8 intel xeon e5 2665 kit,HP Intel Xeon E5-2665 2.4GHz Upgrade Tray,CPUs
xperia xa f3111 black,Sony Xperia XA,Mobile Phones
samsung f480 tocco mobile phone,Samsung SGH-F480,Mobile Phones
lg 49 uk6300plb smart led tv 49uk6300plb mw01,LG 49UK6300PLB,TVs
liebherr 60cm nofrost fridge freezer in steel look cnpel4813,Liebherr CNPel 4813 Silver,Fridge Freezers
panasonic lumix g9 digital camera with 12 60mm f2.8 4.0 leica lens,Panasonic Lumix DC-G9L + 12-60mm F2.8-4 OIS,Digital Cameras
whirlpool wic3c26 built in 14 place dishwasher white,Whirlpool WIC 3C26 UK Integrated,Dishwashers
aeg agb62521nw,AEG AGB62521NW White,Freezers
aeg l6fbi741n 6000series 7kg 1400rpm freestanding washing machine white,AEG L6FBI741N,Washing Machines
intel xeon w 2125 quad core 4 core 4 ghz processor,Intel Xeon W-2125 4GHz Tray,CPUs
cda pc71sc american style side by side fridge freezer with homebar stainless colour,CDA PC71SC,Fridge Freezers
bosch kgv36vl32g 60cm freestanding fridge freezer silver,Bosch KGV36VL32G Stainless Steel,Fridge Freezers
electrolux esl4201lo 45cm wide fully integrated dishwasher,Electrolux ESL4201LO Integrated,Dishwashers
liebherr k 2330 23 comfort freistehend 213l a,Liebherr K2330 White,Fridges
aeg softwater l9fsc949r washing machine white,AEG L9FSC949R,Washing Machines
blomberg som9650 tall larder fridge,Blomberg SOM9650 White,Fridges
intel pentium 4 bx80546pg3000e single core 1 core 3 ghz processor,Intel Pentium 4 3.0GHz Socket 478 800MHz Box,CPUs
hisense rb335n4ww1 freestanding frost free fridge freezer with non plumbed water dispenser white,Hisense RB335N4WW1 White,Fridge Freezers
lec tf55153ssil freestanding frost free fridge freezer,Lec TF55153S Silver,Fridge Freezers
samsung ww90m645opo 9kg addwash quickdrive ww6800 washing machine 1400rpm graphite,Samsung WW90M645OPO/EU,Washing Machines
siemens kg33nnw30g iq100 freestanding frost free fridge freezer white,Siemens KG33NNW30G White,Fridge Freezers
bosch ksv29nw3pg serie 2 tall larder fridge in white 1 61m a rated,Bosch KSV29NW3PG White,Fridges
sony xperia e1 uk sim free smartphone white,Sony Xperia E1,Mobile Phones
philips 48hfl2869t 48 1080p full hd commercial hotel tv,Philips 48HFL2869T,TVs
candy cbwm816d 80 8kg 1600rpm spin integrated washing machine white,Candy CBWM 816D-80,Washing Machines
montpellier mab365c fridge freezer cream,Montpellier MAB365C Cream,Fridge Freezers
miele kfn 29132 d free standing fridge freezer white,Miele KFN29132Dwh White,Fridge Freezers
smeg fridges and freezers fc400b2pe 220 240 v,Smeg FC400B2PE White,Fridge Freezers
lg g flex 2 titanium 16gb unlocked sim free,LG G Flex 2 16GB,Mobile Phones
gorenje gi66160s geschirrsp ler integrierbar,Gorenje GI66160S Stainless Steel,Dishwashers
gorenje k hl /gefrierkomination rk6193ew eek a,Gorenje RK6193EW White,Fridge Freezers
bosch freestanding dishwasher sms25aw00g,Bosch SMS25AW00G White,Dishwashers
sony xperia xa2 ultra 32gb black,Sony Xperia XA2 Ultra 32GB Dual SIM,Mobile Phones
blackberry motion 32 gb 4 gb ram uk sim free single sim smartphone black,Blackberry Motion Dual SIM,Mobile Phones
amd prozessor ryzen 3 1300x r3 3 7 ghz 10 mb sockel am4 summit ridge box set yd130xbbaebox,AMD Ryzen 3 1300X 3.5GHz  Box,CPUs
liebherr kbes 3750 freestanding fridge premium,Liebherr KBes 3750 Premium BioFresh Stainless Steel,Fridges
philips 55hfl2879t/12 55 inch professional tv,Philips 55HFL2879T,TVs
hotpoint cs1a300h freezer chest,Hotpoint CS1A 300 H White,Freezers
155litre larder fridge class a white,Zanussi ZRG16605WA White,Fridges
hewlett packard enterprise xeon e5530 2.4ghz 8mb l3 box processor,HP Intel Xeon DP Quad-core E5530 2.4GHz Socket 1366 1066MHz bus Upgrade Tray,CPUs
bosch sps66tw00g serie 6 silence plus 10 place slimline freestanding dishwasher white,Bosch SPS66TW00G White,Dishwashers
whirlpool wic3c26uk 14 place built in white dishwasher,Whirlpool WIC3C26UK Integrated,Dishwashers
samsung rz32m7120sa 60cm freestanding frost free freezer silver,Samsung RZ32M7120SA Silver,Freezers
montpellier mwd7512p 7kg washer dryer white,Montpellier MWD7512P,Washing Machines
smeg free standing refrigerator in orange,Smeg FAB10RO Orange,Fridges
zanussi zrg15805wa under counter fridge with icebox,Zanussi ZRG15805WA White,Fridges
whirlpool afb100/a sf/afb100/a sf,Whirlpool AFB100APLUSSF Integrated,Freezers
hoover hbwm84tahc 80 8kg 1400rpm integrated washing machine white,Hoover HBWM 84TAHC-80,Washing Machines
intel xeon e5 4650v4 2.2 ghz 14 core 28 threads 35 mb cache fclga2011 v3 socket oem,Intel Xeon E5-4650 V4 2.2Ghz Tray,CPUs
amd 5 1600x ryzen. processor family amd ryzen 5 processor frequenc,AMD Ryzen 5 1600X 3.6GHz  Box,CPUs
indesit ecotime iwc71252 ecouk 7kg 1200 spin washing machine in white a,Indesit IWC 71252 ECO,Washing Machines
lec cf250lw mk2 250 litre chest freezer in white,Lec CF250LMk2 White,Freezers
amd yd295xa8afwof ryzen threadripper 2950x 16 core/21 thread/180w/40mb cache cpu black,AMD Ryzen Threadripper 2950X 3.5GHz  Box,CPUs
lg 55 inch oled55b8slc oled smart ultra hd tv with hdr,LG OLED55B8PLA,TVs
bosch kgn34vl20g nofrost stainless steel look freestanding fridge freezer,Bosch KGN34VL20G Stainless Steel,Fridge Freezers
swan sm22130cn solo microwave cream,Swan SM22130CN Cream,Microwaves
siemens sn26m892gb dishwasher,Siemens SN26M892GB Silver,Dishwashers
swisstone sc590 touch,Swisstone SC 590 Touch Dual SIM,Mobile Phones
doro primo 413 2.4zoll 115g rot 2.4 320 x 240 px 2 mp microsd gsm 900/1800/1900 bluetooth 3.0 micro usb li ion 1.05ah 115 g 360014,Doro Primo 413,Mobile Phones
indesit ila1 60cm wide integrated under counter fridge white,Indesit ILA1 White,Fridges
aeg fss63400p slimline integrated dishwasher,AEG FSS63400P Integrated,Dishwashers
ice king cfap500 chest freezer,Iceking CFAP500 White,Freezers
intel xeon e5503 dual core processor 2.00ghz 4mb cache socket 1366,Intel Xeon E5503 2.0GHz Socket 1366 2400MHz Box,CPUs
candy csc1745be fridge freezer black,Candy CSC1745BE Black,Fridge Freezers
qe 49q7f amtxxh,Samsung QE49Q7F,TVs
liebherr cn4713 60cm frost free fridge freezer white,Liebherr CN 4713 NoFrost White,Fridge Freezers
siemens sn636x03me geschirrsp ler vollintegriert 60cm,Siemens SN636X03ME Integrated,Dishwashers
samsung quickdrive ww80m645opm/eu a 40 8kg 1400 spin washing machine with addwash in white,Samsung WW80M645OPM/EU,Washing Machines
siemens gs36nvx3pg 186x60cm 242l frost free freestanding upright freezer anti fingerprint black steel,Siemens GS36NVX3PG Black,Freezers
candy gcsw496tbb 9kg/6kg 1400rpm washer dryer black black brand new with 1 year labour 10 year parts warranty,Candy GCSW 496TBB-80,Washing Machines
bosch kgn34vb35g 60cm serie 4 frost free fridge freezer black,Bosch KGN34VB35G Black,Fridge Freezers
miele kfn 29132 edt cs freistehend 338l a,Miele KFN29132DCLST Stainless Steel,Fridge Freezers
zanussi zrg16605xv 85x55cm 155l freestanding larder fridge stainless steel,Zanussi ZRG16605XV Stainless Steel,Fridges
bosch k hl /gefrier kombination edelstahl kge36dl41,Bosch KGE36DL41 Stainless Steel,Fridge Freezers
miele integrated dishwasher in clean steel,Miele G 6060 SCVI Integrated,Dishwashers
lg g3 s,LG G3 S,Mobile Phones
lec 55cm under counter fridge with freezer in white r5511w 444410485,Lec R5511W White,Fridges
nokia lumia 635 black sim free,Nokia Lumia 635,Mobile Phones
bosch wat28371gb a 9kg 1400rpm spin washing machine,Bosch WAT28371GB,Washing Machines
beko ffp1671w tall freezer white,Beko FFP1671W White,Freezers
intel xeon processor e5 2670 v3 30m cache 2.30 ghz 2.3ghz 30mb smart cache,Intel Xeon E5-2670 v3 2.3GHz  Box,CPUs
targus classic 15.6 clamshell nylon black,Samsung UE50KU6000,TVs
bosch bfl634gb1b serie 8 21l 900w built in microwave oven with left hand hinge side opening door black,Bosch BFL634GB1B Black,Microwaves
blomberg ldf42240w full size dishwasher white a rated,Blomberg LDF42240W White,Dishwashers
sony ericsson xperia active mobile phone,Sony Ericsson Xperia Active,Mobile Phones
apple iphone 7 plus 256gb jet black unlocked,Apple iPhone 7 Plus 256GB,Mobile Phones
samsung 64gb silver galaxy s8 sm g955fzsabtu,Samsung Galaxy S8+ 64GB,Mobile Phones
gorenje fiu6091aw built in under counter freezer,Gorenje FIU6091AW Integrated,Freezers
smeg fridges and freezers rf376rsix 220 240 v,Smeg RF376RSIX Stainless Steel,Fridge Freezers
samsung hg40ee470skxxu 40 inch 1080p led tv black,Samsung HG40EE470,TVs
neff g5624x7gb built in freezer,Neff G5624 White,Freezers
beko freestanding under counter freezer uf584aps,Beko UF584APS Silver,Freezers
miele wth120wpm 7kg free standing washing and washer dryer white,Miele WTH120WPM,Washing Machines
liebherr cnkw4313 green a rated fridge freezer,Liebherr CNkw 4313 NoFrost Green,Fridge Freezers
sony a7 ii mirrorless camera fe 50 mm f/1.8 standard prime lens bundle,Sony Alpha 7 II,Digital Cameras
gorenje k hlger t fn 6192 cw,Gorenje FN6192CW White,Freezers
g4940scjubileeclst miele freestanding dishwasher 60cm 3d cutlery tr,Miele G 4940 SC Jubilee White,Dishwashers
bosch kul15a60 unterbaukhlschrank integr. a eek a skala a bis d kul15a60,Bosch KUL15A60 Integrated,Fridges
essentials cdwtt15 compact dishwasher white,Essentials CDWTT15 White,Dishwashers
aeg scb6181xls 177cm integrated 70/30 fridge freezer,AEG SCB6181XLS Integrated,Fridge Freezers
tall fridge with ice box,Gorenje ORB153C Cream,Fridges
kodak pixpro az652 astro zoom bridge digital camera black kod728,Kodak PixPro AZ652,Digital Cameras
liebherr cnef4815 60cm nofrost fridge freezer in stainless steel,Liebherr CNef 4815 Stainless Steel,Fridge Freezers
fujitsu intel xeon e5506 2.13ghz 4mb l3 processor,Fujitsu Intel Xeon E5506 2.13GHz Socket 1366 800MHz bus Upgrade Tray,CPUs
miele m6022 sc built in microwave oven stainless steel,Miele M6022SCCLST Stainless Steel,Microwaves
sharp r860slm,Sharp R860SLM,Microwaves
aeg sfb5821vaf integrated undercounter fridge,AEG SFB5821VAF Integrated,Fridges
bauknecht komfort mikrowelle mikro tandem mhc 8812 pt,Bauknecht MHC 8812 PT Stainless Steel,Microwaves
aeg l6fbg842r 8kg freestanding washing machines white,AEG L6FBG842R,Washing Machines
aeg rmb76311nx french style fridge freezer stainless steel,AEG RMB76311NX Stainless Steel,Fridge Freezers
alcatel 5 32 gb uk sim free smartphone metallic black,Alcatel 5 Dual SIM,Mobile Phones
hotpoint fful1913p frost free freestanding fridge freezer polar white,Hotpoint FFUL 1913 P White,Fridge Freezers
hewlett packard enterprise dl585 g7 6276 2.3ghz 16mb l3 processor,HP AMD Opteron 6276 2.3GHz Upgrade Tray,CPUs
intel core i5 i5 4460s quad core 4 core 2.90 ghz processor,Intel Core i5-4460S 2.90GHz Tray,CPUs
samsung qe65q8dnatxxu 65 qled hdr1500 4k ultra rated hd premium certified tv plus freesat,Samsung QE65Q8DN,TVs
bosch kgn36vw45,Bosch KGN36VW45 White,Fridge Freezers
bosch kil24v60 einbau khlschrank a 204l eek a skala a bis d kil24v60,Bosch KIL24V60 Integrated,Fridges
zanussi zdf26001wa 13 place dishwasher 5 programmes class a white,Zanussi ZDF26001WA White,Dishwashers
hotpoint wdal8640guk 6kg 1400 spin washer dryer graphite,Hotpoint WDAL8640G,Washing Machines
beko ffp1671w 60cm wide frost free freestanding upright freezer white,Beko FFP1671W White,Freezers
whirlpool amw439ix 60cm built in microwave grill for wall unit stainless steel,Whirlpool AMW 439 IX Stainless Steel,Microwaves
frost free fridge freezer,Hisense RB381N4WB1 Black,Fridge Freezers
hoover hvtl542whk 55cm undercounter larder fridge in white 0 85m a rat,Hoover HVTL542WHK White,Fridges
swan sr11040 60cm retro tall freezer black,Swan SR11040BN Black,Freezers
beko dfn16210w 12 place freestanding dishwasher white,Beko DFN16210W White,Dishwashers
bosch wat24421gb 8kg 1200 spin 12 programmes washing machine in white a 30,Bosch WAT24421GB,Washing Machines
sharp r372km solo 25 litre 900w microwave oven black,Sharp R-372(K)M Black,Microwaves
live 4 gold,Kr√ºger & Matz LIVE 4 Dual SIM,Mobile Phones
sony kd65af8bu 65 smart android 3d 4k ultra hdr oled tv,Sony Bravia KD-65AF8,TVs
gigaset gs160 16 gb uk sim free smartphone black,Gigaset GS 160 Dual SIM,Mobile Phones
siemens einbau k hl /gefrier kombination flachscharnier technik softeinzug mit t rd mpfung ki86sad30 eek a,Siemens KI86SAD30 Integrated,Fridge Freezers
samsung microwave ms23h3125ak 23l 800w standard easi tronic black,Samsung MS23H3125AK Black,Microwaves
cda ff770ss freestanding fridge freezer,CDA FF770SS Stainless Steel,Fridge Freezers
bravia kd85xf8596 85 inch 4k ultra hd hdr smart led android tv youview,Sony Bravia KD-85XF8596,TVs
sony kd49xf9005bu 49 4k hdr ultra hd smart android led tv dolby vision,Sony Bravia KD-49XF9005,TVs
samsung qe65q7fnatxxu qled 65 4k ultra hd hdr smart television,Samsung QE65Q7FN,TVs
grade a nokia 8 glossy blue 5.3 128gb 4g unlocked sim free,Nokia 8 128GB,Mobile Phones
ricoh theta sc beige,Ricoh Theta SC,Digital Cameras
gorenje nrki4181cw 70/30 frost free integrated fridge freezer,Gorenje NRKI4181CW Integrated,Fridge Freezers
blackberry keyone 64gb 4gb ram uk sim free single sim smartphone black edition,Blackberry KEYone Black Edition 64GB,Mobile Phones
amd ryzen 3 2200g with radeon rx vega 8 graphics 3.5ghz quad core am4 socket overclockable processor,AMD Ryzen 3 2200G 3.5GHz  Box,CPUs
intel xeon e5 2667 3.2 ghz 8 core 16 threads 20 mb cache speicher lga2011 v3 socket cm8064401724301,Intel Xeon E5-2667 v3 3.2GHz Tray,CPUs
siemens ki 18rv30 96kwh eek a skala a bis d,Siemens KI18RV30 Integrated,Fridges
bosch kgv36vl32g serie 4 low frost 60/40 fridge freezer stainless steel,Bosch KGV36VL32G Stainless Steel,Fridge Freezers
samsung g800 mobile phone,Samsung SGH-G800,Mobile Phones
sony xperia xa1 32gb white,Sony Xperia XA1,Mobile Phones
amd opteron dual core 8218 2.6ghz 1mb l2 processor,AMD Opteron Dual-Core 8218 2.6GHz Socket F 1000MHz bus Tray,CPUs
hfc2b 26c wh,Hotpoint HFC 2B+26 C White,Dishwashers
5.8 infinity display dual camera octa core 4gb ram 64gb 3000,Samsung Galaxy S8 64GB,Mobile Phones
swan 800w manual microwave,Swan SM22130BLN Blue,Microwaves
beko crfg1582w fridge freezer frost free 54.5cm 5.9 3.4cf white,Beko CRFG1582W White,Fridge Freezers
hewlett packard enterprise intel xeon e5 2680 2.7ghz 20mb l3 processor,HP Intel Xeon E5-2680 2.7GHz Upgrade Tray,CPUs
beko frost free fridge freezer ccfm1552w,Beko CCFM1552W White,Fridge Freezers
bosch geschirrsp ler vollintegrierbar 45cm spv66tx01e,Siemens SPV66TX01E Integrated,Dishwashers
blackberry storm 9500 mobile phone sim free unlocked,Blackberry Storm 9500,Mobile Phones
john lewis partners jlbiwm1403 integrated washing machine 7kg load a energy rating 1400rpm spin white,John Lewis JLBIWM1403,Washing Machines
canon eos 77d 18 135 is usm,Canon EOS 77D + 18-135mm IS USM,Digital Cameras
hotpoint 55cm frost free fridge freezer hm325ff2,Hotpoint HM325FF2 Integrated,Fridge Freezers
cello c40227dvbt2 40 inch lcd 1080 pixels 50 hz tv,Cello C40227DVBT2,TVs
amd ryzen 3 1300x cpu with wraith cooler am4 3.5ghz 3.7 turbo qu,AMD Ryzen 3 1300X 3.5GHz  Box,CPUs
smeg di6fabrd integrated retro style dishwasher red,Smeg DI6FABRD Integrated,Dishwashers
samsung 75 mu6100 led tv ue75mu6100kxxu mw01,Samsung UE75MU6100,TVs
hewlett packard enterprise dl165 g7 amd opteron 6132he processor kit 2.2ghz 12mb l3 processor,HP AMD Opteron 6132HE 2.2GHz Socket G34 3200MHz bus Upgrade Tray,CPUs
russell hobbs 198 litre chest freezer in black rhcf198b 5 year guarantee by redemption,Russell Hobbs RHCF198B Black,Freezers
amd 3350 he opteron. processor family amd opteron processor freque,AMD Opteron 3350 HE 2.8 GHz  Box,CPUs
huawei y7 2018 5.99 13mp 3gb 32gb android blue,Huawei Y7 2018 Triple SIM,Mobile Phones
bosch k hl /gefrier kombination t ren edelstahl optik kgn33nl30,Bosch KGN33NL30 Stainless Steel,Fridge Freezers
samsung galaxy young 2,Samsung Galaxy Young 2,Mobile Phones
neff ki7862f30g 54cm wide frost free 60 40 integrated upright fridge freezer white,Neff KI7862F30G Integrated,Fridge Freezers
beko uff584apw frost free freezer,Beko UFF584APW White,Freezers
liebherr iks1610 larder fridge comfort built in 154 litre a energy,Liebherr IKS1610 Integrated,Fridges
intel core i3 i3 2120 dual core 2 core 3.30 ghz processor,Intel Core i3-2120 3.3GHz Socket 1155 Tray,CPUs
amd cpu am2 phenom 64 quad core 9650 retail box inc fan socket am2 940 pin 3yr manufacturers warranty,AMD Phenom Quad-core 9750 2.40GHz Socket AM2 Box,CPUs
neff s416t80s0g 14 place semi integrated dishwasher black control panel,Neff S416T80S0G Stainless Steel,Dishwashers
beko bl21 fully integrated larder fridge 2 years parts labour guarantee,Beko BL21 Integrated,Fridges
lg hospitality display 43lv761h lcd tv 108 cm 43 schwarz,LG 43LV761H,TVs
grade a cat s41 black 5 32gb 4g unlocked sim free,CAT S41 Dual SIM,Mobile Phones
swan products sm22080cn retro digital combi microwave with grill 25 litre cream,Swan SM22080CN,Microwaves
candy ccbf5182wwk fridge freezer frost free 55cm water dispenser white,Candy CCBF5182WWK White,Fridge Freezers
hp amd opteron quad core 8384 2.7ghz fio kit 2.7ghz 6mb l3 processor,HP AMD Opteron 8384 2.7GHz Socket F 1000MHz bus Upgrade Tray,CPUs
kd 43xf7077 saep,Sony KD-43XF7077,TVs
gorenje ork193gr fridge freezer,Gorenje ORK193GR Green,Fridge Freezers
severin mw7896 microwave 700 w grill function timer fuction,Severin MW 7896 Black  Stainless Steel,Microwaves
gorenje k hlger t rbi 4061 aw,Gorenje RBI4061AW Integrated,Fridges
liebherr ik3514 comfort,Liebherr IK3514 Integrated,Fridges
sigma dp1 quattro digital camera,Sigma dp1 Quattro,Digital Cameras
10 place slimline dishwasher 5 progs class a silver,Indesit DSR15BS Silver,Dishwashers
bosch k hlschrank integrierbar kil72af30,Bosch KIL72AF30 Integrated,Fridges
iceking ik8951ap fridge freezer,Iceking IK8951AP White,Fridge Freezers
aeg airdry fsk31600z 13 place setting full size built in dishwasher,AEG FSK31600Z Integrated,Dishwashers
samsung 75 mu8000 led tv ue75mu8000txxu mw01,Samsung UE75MU8000,TVs
hotpoint day 1 hmcb50501aa.uk.1 50/50 split integrated static fridge freezer,Hotpoint HMCB50501AA,Fridge Freezers
hotpoint xal85t1ixwtd 60cm frost free fridge freezer with water dispenser stainless steel,Hotpoint XAL85T1IXWTD Stainless Steel,Fridge Freezers
cisco intel xeon x5550 2.66ghz 8mb l2 processor,Cisco Intel Xeon X5550 2.66GHz Socket 1366 1333MHz bus Upgrade Tray,CPUs
siemens sn636x00ae vollst ndig integrierbar,Siemens SN636X00AE Integrated,Dishwashers
whirlpool amw850ix built in combi microwave 900watts 40litres stainless steel,Whirlpool AMW 850 IX Stainless Steel,Microwaves
bosch wvg30462gb/wvg30462gb,Bosch WVG30462GB,Washing Machines
beko wdj7523023w 7 kg washer dryer white,Beko WDJ7523023W,Washing Machines
samsung e1130 mobile phone,Samsung E1130,Mobile Phones
aeg atb8101vnx 60cm freestanding undercounter frost free freezer stainless steel,AEG ATB8101VNX Stainless Steel,Freezers
cello c16230ft2 16 inch hd ready led digital tv with built in dvd player and freeview t2 hd manufactured in the uk,Cello C16230FT2,TVs
binatone m250 big button gsm phone black,Binatone M250,Mobile Phones
hewlett packard enterprise dl585 g7 amd opteron 6132he 2 processor kit 2.2ghz 12mb l3 processor,HP AMD Opteron 6132HE 2.2GHz Socket G34 3200MHz bus Upgrade Tray,CPUs
zanker einbau k hlschrank kba23022sk,Zanker KBA23022SK Integrated,Fridges
bosch sms88tw06g white perfectdry dishwasher 60cm home connect wifi connectivity freestanding,Bosch SMS88TW06G White,Dishwashers
candy mic440vtx 900w 44l compact height built in microwave oven and grill stainless steel,Candy MIC440VTX Stainless Steel,Microwaves
siemens waschmaschine iq500 wm14t5em,Siemens WM14T5EM,Washing Machines
aeg okomix technology free standing washing machine in white,AEG L8FEC866R,Washing Machines
hp intel xeon quad core l5410 2.33ghz fio kit 2.33ghz 12mb l2,HP Intel Xeon DP Quad-core L5410 2.33GHz Socket 771 1333MHz bus Upgrade Tray,CPUs
liebherr freezer integrated,Liebherr IG956 Custom panel,Freezers
smeg fab30rfg fifties style right hand hinge top mount freestanding fridge freezer pastel green,Smeg FAB30RFG Green,Fridge Freezers
lg 43 inch 4k ultra hd hdr smart led tv,LG 43UJ630V,TVs
russell hobbs rhretmm705r solo microwave red,Russell Hobbs RHRETMM705R Red,Microwaves
russell hobbs rh90ff176r fridge freezer red,Russell Hobbs RH90FF176R,Fridge Freezers
blomberg ldf42240b 14 place settings dishwasher a energy rated lcd display 8 programme,Blomberg LDF42240B Black,Dishwashers
siemens geschirrsp ler sx636x00ce,Siemens SX636X00CE Integrated,Dishwashers
gorenje k hl gefrier kombi h 185 cm rk 6192 ebk,Gorenje RK6192EBK Black,Fridge Freezers
gorenje unterbauf hig n 60 cm rbiu 6092 aw,Gorenje RBIU6092AW Integrated,Fridges
sony alpha 68k interchangeable lens camera with 18 55 mm zoom lens a mount aps c sensor 4d focus 79 points phase detection black,Sony Alpha 68 + 18-55mm II,Digital Cameras
bosch serie 8 i dos wawh8660gb 9kg 1400rpm freestanding washing machine white,Bosch WAWH8660GB,Washing Machines
fridgemaster mbul60133 built under integrated larder fridge 0 82m a ra,Fridgemaster MBUL60133 Integrated,Fridges
bosch smi46ks01e geschirrsp ler integrierbar 60cm,Bosch Bosch SMI46KS01E Stainless Steel,Dishwashers
swan sr11020c 60cm retro fridge freezer cream,Swan SR11020CN Cream,Fridge Freezers
neff c17wr01n0b built in microwave oven in st steel 900w right hinged,Neff C17WR01N0B Stainless Steel,Microwaves
candy cdpe6320 full size dishwasher,Candy CDPE 6320 White,Dishwashers
bosch serie 6 gsn36aw3pg 186x60cm 242l no frost freestanding upright freezer white,Bosch GSN36AW3PG White,Freezers
intel xeon bx80546kg3200ea processor 3.2 ghz 1 mb l2,Intel Xeon 3.2GHz Socket 604 800MHz Box,CPUs
samsung 55 black nu7100 ultra hd certified hdr smart 4k tv ue55nu7100kxxu,Samsung UE55NU7100,TVs
beko bcb7030f integrated fridge freezer a energy rating 54cm wide white,Beko BCB7030F Integrated,Fridge Freezers
lec 55cm under counter refrigerator with freezer in silver r5511s 444410484,Lec R5511S Silver Silver,Fridges
nokia 2323 classic mobile phone,Nokia 2323 Classic,Mobile Phones
lg 55lv340c 54.9 full hd black led tv,LG 55LV340C,TVs
fisher paykel e442brx4 68cm stainless steel frost free fridge freezer,Fisher & Paykel E442BRX4 Stainless Steel,Fridge Freezers
vtech kidizoom selfie cam,Vtech Kidizoom Selfie Cam,Digital Cameras
bosch free standing microwave oven in white,Bosch HMT75M421 White,Microwaves
lg fh4g1bcs2 12kg direct drive truesteam washing machine 1400rpm white,LG FH4G1BCS2,Washing Machines
panasonic 55 inch tx 55fx750b smart 4k uhd tv with hdr,Panasonic Viera TX-55FX750B,TVs
beko ccfm1582w frost free fridge freezer,Beko CCFM1582W,Fridge Freezers
bosch serie 4 integrated fridge freezer in white,Bosch KIV87VF30G Integrated,Fridge Freezers
washing machine,AEG L8FEC846R,Washing Machines
sony cyber shot wx220 digital camera black,Sony Cyber-shot DSC-WX220,Digital Cameras
lg 32lv541h lv541h series 32 led tv,LG 32LV541H,TVs
pentax k p geh use schwarz da 18 135mm 3.5 5.6 if wr,Pentax KP + 18-135mm,Digital Cameras
panasonic lumix dmc ft30 waterproof compact camera orange,Panasonic Lumix DMC-FT30,Digital Cameras
samsung rs52n3313sa,Samsung RS52N3313SA/EU Graphite,Fridge Freezers
neff ke 215 a einbau k hlger t,Neff KE215A,Fridges
nordmende ret347ra 80/20 fridge freezer red,Nordmende RET347RA Red,Fridge Freezers
whirlpool adg8900,Whirlpool ADG8984 White,Dishwashers
samsung wd90j6a10aw 9kg wd6000 washer dryer white,Samsung WD90J6A10AW,Washing Machines
sim free smartphone oukitel k5000 fingerprint unlocked 4g mobile phone 5.7 inch hd 18 9 ratio full display mt6750t octa core 4gb ram 64gb rom front 21mp back 16mp camera 5000mah mobile phone,Oukitel K5000 Dual SIM,Mobile Phones
nikon d5600 digital slr with 18 55mm f/3.5 5.6 af p vr lens,Nikon D5600 + AF-P 18-55mm VR,Digital Cameras
hotpoint rd966kduk 9kg 6kg washer dryer black,Hotpoint RD966JKD,Washing Machines
nordmende riff50502nma fridge freezer,Nordemende RIFF50502NMAPLUS,Fridge Freezers
nikon d7500 geh use,Nikon D7500,Digital Cameras
retro fab28qcs fridge,Smeg FAB28QCS Multicoloured Retro,Fridges
hk stock ulefone armor x triple proofing phone 2gb 16gb ip68 water,UleFone Armor X Dual SIM,Mobile Phones
neff ki6873f30g 55cm integrated fridge freezer with freshsense white,Neff KI6873F30 Integrated,Fridge Freezers
liebherr t1414,Liebherr T1414 White,Fridges
samsung nu7000 led tv in charcoal black,Samsung UE40NU7120,TVs
philips 65pus7803/12 65 inch 4k ultra hd android smart tv with hdr plus and 3 sided ambilight light silver 2018 model,Philips 65PUS7803,TVs
beko free standing american fridge freezer in silver,Beko RAS121L,Fridge Freezers
hk stock oukitel wp5000 6gb 64gb back fingerprint identification,Oukitel WP5000 Dual SIM,Mobile Phones
samsung galaxy s8 midnight black 5.8 64gb 4g unlocked sim free,Samsung Galaxy S8 64GB,Mobile Phones
candy mic20gdfx microwave with grill built in 20 litre stainless steel,Candy MIC20GDFX Stainless Steel,Microwaves
hotpoint mwh 1331 b curve solo microwave with touch control 13 litre 700 w black,Hotpoint MWH 1331 B Black,Microwaves
smeg lbb14ro washing machine,Smeg LBB14RO,Washing Machines
crosscall spider x4 mobiltelefon kompakt,Crosscall Spider-X4 Dual SIM,Mobile Phones
nikon d5100 af s vr dx 18 55 mm lens,Nikon D5100 + 18-55mm VR,Digital Cameras
nubia z9 mini smartphone 12 7 cm 5.0 zoll,Zte Nubia Z9 Mini Dual SIM,Mobile Phones
panasonic lumix dmc zs50 dmc tz70 30 multiplier x,Panasonic Lumix DMC-TZ70,Digital Cameras
blackberry q5 4g smartphone white,Blackberry Q5,Mobile Phones
caso mg20 menu microwave 800 w grill function,CASO MG 20 Menu Stainless Steel,Microwaves
siemens k hl /gefrier kombination nofrost t ren edelstahl look antifingerprint kg36nvl3a,Siemens KG36NVL3A Stainless Steel,Fridge Freezers
sony dsc rx0 ultra compact camera,Sony DSC-RX0,Digital Cameras
siemens iq700 wm4wh640 freistehend frontlader,Siemens WM4WH640,Washing Machines
miele g6890scvik20clst/g6890scvik20clst,Miele G 6890 SCVI K2O Stainless Steel,Dishwashers
new kazam life b4 2.2 inch uk sim free mobile phone kazamlifeb4 dark grey,Kazam Life B4,Mobile Phones
panasonic dc tz90 camera black 20.3mp 30xzoom 3.0lcd 4k fhd leica dc,Panasonic Lumix DMC-TZ90,Digital Cameras
hoover dxoc68c3b dynamic next 8kg 1600rpm freestanding washing machine with one touch black with c,Hoover DXOC 68C3B,Washing Machines
gorenje rbi 5092 aw einbau k hlger t mit gefrierfach,Gorenje RBI5092AW White White,Fridges
samsung rs68n8670s9 side by side american fridge freezer with ice and water dispenser grey,Samsung RS68N8670S9/EU Stainless Steel,Fridge Freezers
montpellier mff170k,Montpellier MFF170K Black,Fridge Freezers
beko csg1675w 175x60cm 273l freestanding fridge freezer white,Beko CSG1571W White,Fridge Freezers
apple iphone 8 256gb space grey,Apple iPhone 8 256GB,Mobile Phones
siemens k hl /gefrier kombination extraklasse t ren edelstahl antifingerprint iq300 kg39eei4p,Siemens KG39EEI4P Stainless Steel,Fridge Freezers
daewoo kor6a0rr digital eco 800w microwave oven 20l,Daewoo KOR6A0RR Red,Microwaves
lec cf250l chest freezer white,Lec CF250LMk2 White,Freezers
lg 49lv541h lv541h series 49 led tv,LG 49LV541H,TVs
hk stock blackview bv8000 pro 6gb 64gb 4180mah large battery 0.1s,Blackview BV8000 Pro Dual SIM,Mobile Phones
sony alpha 7 iii fe 28 70mm 3.5 5.6 oss,Sony Alpha 7 III + 28-70mm OSS,Digital Cameras
smeg fab10ro 50s style orange home bar fridge,Smeg FAB10RO Orange,Fridges
toshiba 24 hd ready led tv,Toshiba 24SW763DB,TVs
liebherr gefrierschrank premium mit nofrost gnp 3855,Liebherr GNP 3855 Premium NoFrost White,Freezers
aeg ffb41600zw 60cm freestanding 13 place a dishwasher in white,AEG FFB41600ZW White,Dishwashers
smeg c3180fp integrated fridge freezer,Smeg C3180FP Integrated,Fridge Freezers
lg lx761h 55lx761h 139.7 cm 55inch 1080p led lcd tv 16 9 hdtv,LG 55LX761H,TVs
intel xeon bx80546kg3200ea processor 3.2 ghz 1 mb l2,Intel Xeon 3.2GHz Socket 604 800MHz bus Tray,CPUs
television panasonic tx 49dx600e tx 49dx600e,Panasonic Viera TX-49DX600E,TVs
siemens geschirrsp ler speedmatic extraklasse sn636x03md,Siemens SN636X03MD Integrated,Dishwashers
amd sempron 2650 cpu am1 1.45ghz dual core 25w 1mb 28nm radeon r3 gfx,AMD Sempron Sempron 2650 Radeon R3 Series 1.45GHz Box,CPUs
hotpoint md344ixh 60cm class 3 built in microwave grill for tall housing stainless steel,Hotpoint MD 344 IX H Integrated,Microwaves
sony kd65xf9005bu/kd65xf9005bu,Sony Bravia KD-65XF9005,TVs
amd ps7351beafwof epyc wof 7351 2p/1p 2.40 ghz processor,AMD EPYC 7351 2.4GHz  Box,CPUs
siemens geschirrsp ler speedmatic wei sn536w03me,Siemens SN536W03ME,Dishwashers
miele g4263 scvi 60cm fully integrated dishwasher stainless steel,Miele G 4263 SCVi Active Integrated,Dishwashers
bauknecht einbau k lteger t uvi 1884 a,Bauknecht UVI 1884 A ++ White,Fridges
bush bfff60c clearance retro fridge freezer,Bush BFFF60,Fridge Freezers
fantec boogy smart phone 5.5inch 5.5 hd screen dual sim android 7 8mp camera 5mp front camera 16gb 1gb speicher schwarz,Fantec Boogy Dual SIM,Mobile Phones
sony alpha a7 mark ii digital camera with 28 70mm lens,Sony Alpha 7 II + 28-70mm OSS,Digital Cameras
montpellier mitl100,Montpellier MITL100 Integrated,Fridges
smeg left hand hinge free standing fridge freezer in black,Smeg FAB30LFN Black,Fridge Freezers
miele wtf130wps 1600 7kg wash 4kg dry washer/dryer,Miele WTF130WPS,Washing Machines
montpellier mff170w,Montpellier MFF170W White,Fridge Freezers
cda ci925 fully integrated washer dryer,CDA CI925,Washing Machines
indesit ncaa55k fridge freezer 55cm 150 67 litres black,Indesit NCAA 55 K Black,Fridge Freezers
lec t5039s fridge freezer,Lec T5039S Silver,Fridge Freezers
rollei compactline 83 digital camera 8 megapixels panorama function with zoom and multi snapshot function black,Rollei Compactline 83,Digital Cameras
electra free standing washing machine in silver,Electra W1449CF2S,Washing Machines
aeg l7wee965r 9kg washer dryer 7000 series white,AEG L7WEE965R,Washing Machines
siemens fi24dp32 built in freezer,Siemens FI24DP32 Integrated,Freezers
doro 6050 champagner wei,Doro 6050,Mobile Phones
amd athlon 64 x2 dual core 4200 512k cache per core 2.2ghz oem cpu only,AMD Athlon 64 X2 4200+ 2.2GHz Socket 939 2000MHz bus Tray,CPUs
matrix mfc501 integrated 50/50 fridge freezer white,Matrix MFC501 Integrated,Fridge Freezers
russell hobbs rhucfz55 under counter freezer white,Russell Hobbs RHUCFZ55 White,Freezers
siemens stand gefrierschrank nofrost gs54nfw40 eek a,Siemens GS54NFW40 White,Freezers
liebherr ek1610 comfort,Liebherr EK1610 White,Fridges
siemens ki51faf30 freistehend 163l a wei,Siemens KI51FAF30 Integrated,Fridges
siemens iq300 ks29vvw3p upright fridge white,Siemens KS29VVW3P White,Fridges
bosch sms46iw04g a 13 place dishwasher in white 6 programmes 4 temperatures,Bosch SMS46IW04G White,Dishwashers
liebherr cnp4858 white nofrost fridge freezer,Liebherr CNP 4858 Premium NoFrost White,Fridge Freezers
samsung mg23k3575ak/eu heat wave microwave with grill black,Samsung MG23K3575AK Black,Microwaves
lg 65sk8000 65 super uhd 4k tv,LG 65SK8000PLB,TVs
lg 43lk5900pla 43 1080p full hd led smart tv,LG 49LK5100PLA,TVs
aeg geschirrsp ler proclean fse83700p,AEG FSE83700P Integrated,Dishwashers
hotpoint bhwd149 integrated washer dryer,Hotpoint BHWD149/1,Washing Machines
intel xeon processor d 1521 6m cache 2.40 ghz 6mb,Intel Xeon D-1521 2.40GHz Tray,CPUs
hotpoint rza36p.1.1 undercounter freezer white,Hotpoint RZA36P White,Freezers
hoover dxoa 49c3 9kg 1400 spin washing machine white,Hoover DXOA 49C3/1-80,Washing Machines
neff g4344x7gb series 1 60cm wide integrated upright under counter freezer white,Neff G4344X7GB Integrated,Freezers
canon powershot g9 x mark ii digital camera silver,Canon PowerShot G9 X Mark II,Digital Cameras
hoover hmb20gdfx integrated microwave oven with grill,Hoover HMB20GDFX Stainless Steel,Microwaves
bosch kgf39sm45 k hlger t solitaire,Bosch KGF39SM45 Stainless Steel,Fridge Freezers
samsung qe65q9fam. display diagonal 165.1 cm 65 display resoluti,Samsung QE65Q9F,TVs
miele k12020s,Miele K12020S White,Fridges
fridgemaster mbc55275 54cm wide 70 30 integrated upright fridge freezer white,Fridgemaster MBC55275 Integrated,Fridge Freezers
candy cbwm815d 80 a 8kg 1500 spin fully integrated washing machine,Candy CBWM815D,Washing Machines
intel pentium 4 2 ghz socket 478 oem,Intel Pentium 4 2.0GHz Socket 478 400MHz bus Tray,CPUs
grade a cello c20230dvb 20 inch led tv,Cello C20230DVB,TVs
liebherr icun3314 comfort,Liebherr ICUN 3314 Integrated,Fridge Freezers
smeg cr5050ap cucina 60cm integrated in column 50 50 fridge freezer,Smeg CR5050AP Integrated,Fridge Freezers
sharp r82stma microwave combi 900w 25litre stainless steel,Sharp R-82STM-A Stainless Steel,Microwaves
samsung galaxy note 8 sm n950f sim free smartphone 64gb midnight black,Samsung Galaxy Note 8 64GB,Mobile Phones
static fridge freezer,Siemens KG39VVW31G White,Fridge Freezers
hp xeon dual core e3110 3.0ghz fio kit 3ghz 6mb l2 processor,HP Intel Xeon UP E3110 3.0GHz Socket 775 1333MHz bus Upgrade Tray,CPUs
hp intel xeon quad core l5530 2.4ghz fio kit 2.4ghz 8mb l2 processor,HP Intel Xeon L5530 2.4GHz Socket 1366 1066MHz bus Upgrade Tray,CPUs
panasonic tx 55exw604s si fernseher pro ultra,Panasonic Viera TX-55EXW604S,TVs
sony alpha a77 ii camera body,Sony Alpha 77 II,Digital Cameras
samsung ue49nu7500 49 4k ultra hd hdr curved led smart tv with freeview hd and freesat,Samsung UE49NU7500,TVs
sia tt02bl 38l counter table top mini freezer in black a rating,SIA TT02BL 38L Black,Freezers
hp intel xeon e5506 2.13ghz 4mb smart cache processor,HP Intel Xeon E5506 2.13GHz Upgrade Tray,CPUs
samsung rb41j7255sr,Samsung RB41J7255SR Stainless Steel,Fridge Freezers
aeg rkb42511aw a ws k hlschrank stand 125x55cm,AEG RKB42511AW White,Fridges
caple rff730 60cm frost free fridge freezer stainless steel,Caple RFF730 Stainless Steel,Fridge Freezers
lg 49 lj515v led tv 49lj515v mw01,LG 49LJ515V,TVs
smeg fab28laz1 fridge freezer,Smeg FAB28LAZ1 Blue,Fridges
akai a24001b manual microwave black 800w,Akai A24001B Black,Microwaves
apple iphone 6 32gb space gray mq3d2et/a,Apple iPhone 6 32GB,Mobile Phones
liebherr ik1620 fridges,Liebherr UIK1620,Fridges
lg mobile mobile phone in black,LG Q6,Mobile Phones
intel core i3 8300 processor 8m cache 3.70 ghz 3.7ghz 8mb box,Intel Core i3-8300 3.7GHz Box,CPUs
doro 6030 easy to use camera phone with large display graphite/white,Doro PhoneEasy 6030,Mobile Phones
beko free standing washer dryer in white,Beko WDR7543121W,Washing Machines
neff geschirrsp ler vollintegrierbar gv 3600 k s513k60x0e,Neff S513K60X0E Integrated,Dishwashers
intel core i5 i5 3340s quad core 4 core 2.80 ghz processor,Intel Core i5-3340S 2.8GHz Tray,CPUs
2 power 2p 5d10k35945 notebook spare part display,Hisense H49M2600,TVs
lg mobile k4 2017 dual sim smartphone 12 7,LG K4 M160 Dual SIM,Mobile Phones
samsung qe49q7cam 49 inch curved qled 4k uhd hdr led tv,Samsung QE49Q7C,TVs
liebherr freezer integrated sliding hinge 88cm lieclr,Liebherr IGS 1614 Comfort Integrated,Freezers
gorenje stand k hlschrank r 6152 bw eek a,Gorenje R6152BW White,Fridges
blomberg tsm1750u built under integrated larder fridge 0 82m 4 6 cu ft,Blomberg TSM 1750 u Integrated,Fridges
hotpoint hmcb7030aadf integrated frost free fridge freezer 1 77m 70 30,Hotpoint HMCB7030AADF,Fridge Freezers
zanussi zft11105wa freezer,Zanussi ZFT11105WA White,Freezers
gorenje bm171e2xg,Gorenje BM171E2XG Stainless Steel,Microwaves
datalogic powerscan pbt9500 handheld 1d/2d photo diode black yellow,AMD A4-7300 3.8GHz  Box,CPUs
montpellier mab340c 60cm wide retro style freestanding tall fridge cream,Montpellier MAB340C Cream,Fridges
indesit bwe91484xsuk 9kg washing machine,Indesit BWE 91484X S UK,Washing Machines
gorenje waschautomat 8kg w 8543 to,Gorenje W8543TO,Washing Machines
sony bravia kdl40re453bu 40 inch full hd hdr tv black,Sony Bravia KDL-40RE453B,TVs
bosch kir20v60,Bosch KIR20V60 Integrated,Fridges
aeg fee62400pm,AEG FEE62400PM,Dishwashers
intel xeon 4114 processor 2.20 ghz 13.8 mb l3,Intel Xeon Silver 4114 2.2GHz Tray,CPUs
swan sm3090n manual solo microwave with 6 power levels 800 watt 20 litre white,Swan SM3090N White,Microwaves
olympus om d e m1 mark ii digital camera with 12 40mm pro lens,Olympus E-M1 Mark II + 12-40mm,Digital Cameras
smeg fab32rpg3uk fifties style frost free right hand hinge freestanding fridge freezer pastel gree,Smeg FAB32,Fridges
fisher paykel e402brxfd4 active smart fridge freezer,Fisher & Paykel E402BRXFD4 Stainless Steel,Fridge Freezers
hoover wdxoa 496af smart nfc 9 kg washer dryer white,Hoover WDXOA496AF,Washing Machines
canon eos 800d geh use,Canon EOS 800D,Digital Cameras
igenix ig2095 20 litre 800w digital microwave white,Igenix IG2095 White,Microwaves
smeg wdf147x 7kg washer dryer stainless steel,Smeg WDF147XS,Washing Machines
siemens geschirrsp ler speedmatic edelstahl sn58r564de,Siemens SN58R564DE Stainless Steel,Dishwashers
bosch k hl gefrier kombination comfort wei kge49aw41 eek a,Bosch KGE49AW41 White,Fridge Freezers
samsung galaxy a8 2018 5.6 super amoled 32gbandroid7.0 orchidgrey,Samsung Galaxy A8 SM-A530F,Mobile Phones
philips 50put6400 50 uhd led television,Philips 50PUT6400,TVs
smeg mp422x cucina stainless steel microwave oven,Smeg MP422X Stainless Steel,Microwaves
aeg f88709m0p full size dishwasher in stainless steel,AEG F88709M0P Stainless Steel,Dishwashers
bosch serie 6 active water sms67mw01g 14 place freestanding dishwasher white,Bosch SMS67MW01G White,Dishwashers
fisher paykel dd60dchw9 double dishdrawer 81138 white dishwasher,Fisher & Paykel DD60DCHW9 White,Dishwashers
intel celeron g530 2400mhz lga1155 2m cache box cpu,Intel Celeron G530 2.4GHz Box,CPUs
sony a7r iii digital camera body,Sony Alpha 7R III,Digital Cameras
panasonic lumix g9 mirrorless camera with lumix 12 60mm lens,Panasonic Lumix DC-G9M + 12-60mm F3.5-5.6 OIS,Digital Cameras
xiaomi pocophone f1 128gb graphite black,Xiaomi Pocophone F1 128GB Dual SIM,Mobile Phones
bosch kif52af30,Bosch KIF52AF30 Integrated,Fridges
energizer energy e10 black 4mb 2g unlocked sim free,Energizer Energy E10,Mobile Phones
hp intel xeon e5630 2.53ghz 12mb l3 processor,HP Intel Xeon E5630 2.53GHz Upgrade Tray,CPUs
canon eos 4000d dslr camera with ef s 18 55 mm f/3.5 5.6 iii ef 75 300 mm f/4 5.6 iii lens,Canon EOS 4000D + 18-55mm III + 75-300mm III,Digital Cameras
hisense free standing freezer in stainless steel effect,Hisense FV105D4BC2 Stainless Steel,Freezers
intel core i7 5930k 3.50ghz 6 core 12 threads socket 2011 v3 15mb cache retail boxed processor,Intel Core i7-5930K 3.5GHz  Box,CPUs
samsung galaxy s8 sm g955f 6.2 single sim 4g 4gb 64gb 3500mah black,Samsung Galaxy S8+ 64GB,Mobile Phones
beko wtg741m1s washing machine in silver 1400 rpm 7kg,Beko WTG741M1S,Washing Machines
fridgemaster muz4965b 50cm under counter freezer black a,Fridgemaster MUZ4965B Black,Freezers
smeg cvb20lr1 60cm wide retro style left hinge freestanding upright freezer red,Smeg CVB20LR1 Red,Freezers
intel bx80532ke2660d processor 2.66 ghz box 0.512 mb l2,Intel Xeon 2.66GHz Socket 604 533MHz bus Tray,CPUs
liebherr khlger t a t 1700 20 eek a skala a bis d 998894000,Liebherr T1700 White,Fridges
grade a huawei p9 titanium grey 5.2 32gb 4gb unlocked sim free,Huawei P9,Mobile Phones
samsung 49 nu8000 ultra hd hdr 1000 smart 4k tv,Samsung UE49NU8000,TVs
aeg l87695nwd 9kg wash 6kg dry freestanding washer dryer white,AEG L87695NWD,Washing Machines
neff w7460x4gb 1400rpm 9kg ecosilence washing machine white,Neff W7460X4GB,Washing Machines
630litre american style frost free ice water silver,Beko ASN541S Silver,Fridge Freezers
montpellier mwd7512p 7kg wash 5kg dry 1200rpm freestanding washer dryer white,Montpellier MWD7512P,Washing Machines
iphone se 32gb space grey,Apple iPhone SE 32GB,Mobile Phones
samsung ue50nu7400 50 4k hdr ultra hd smart led tv in black 1700 pqi,Samsung UE50NU7400,TVs
beko dfn04c10w full size dishwasher,Beko DFN04C10 White,Dishwashers
neff ka3923i20g american fridge freezer with ice and water stainless steel,Neff KA3923I20G Stainless Steel,Fridge Freezers
sony kd43xf7003 43 inch 4k hdr ultra hd smart tv with freeview play black,Sony KD-43XF7003,TVs
sim free nokia 3.1 16gb mobile phone black/silver,Nokia 3.1 16GB,Mobile Phones
bomann k hlbox kb 389 silber,Bomann KB 389 Stainless Steel,Fridges
iceq 24 litre silent solid door mini bar,iceQ ICEQ24S Black,Fridges
panasonic lumix dmc gx80/gx85 14 140 3.5 5.6 lumix g vario power ois asph,Panasonic Lumix DMC-GX80 + 14-140mm OIS,Digital Cameras
signature oled77w8 77 inch oled wallpaper hdr 4k tv,LG OLED77W8PLA,TVs
xiaomi 6a redmi 32gb dunkel grau,Xiaomi Redmi 6A 32GB Dual SIM,Mobile Phones
aeg l6fb54470,AEG L6FB54470,Washing Machines
hotpoint fdeb10010p dishwasher,Hotpoint FDEB10010P White,Dishwashers
hotpoint aquarius hbc2b19x 13 place semi integrated dishwasher stainless steel control panel,Hotpoint HBC 2B19 X UK Stainless Steel,Dishwashers
intel xeon gold 6138t processor 27.5m cache 2.00 ghz 27.5mb l3,Intel Xeon Gold 6138T 2.0GHz Tray,CPUs
samsung ue65nu8000 65 8 series hdr1000 flat led tv,Samsung UE65NU8000,TVs
bosch perfectdry geschirrsp ler 45 cm vollintegrierbar spv66tx01e,Siemens SPV66TX01E Integrated,Dishwashers
smeg free standing american fridge freezer in stainless steel,Smeg FQ60XP Stainless Steel,Fridge Freezers
samsung ue49mu8009 tv,Samsung UE49MU8009,TVs
bosch sms50t02gb dishwasher,Bosch SMS50T02GB White,Dishwashers
hewlett packard enterprise 495906 b21 2.8ghz 8mb l3 processor,HP Intel Quad-Core Xeon DP X5560 2.80GHz Socket 1366 1333MHz bus Upgrade Tray,CPUs
aeg integrated refrigerator in white,AEG SFE6881VAS Integrated,Fridges
siemens gefrierger t iq500 gs51naw30 eek a skala a bis d gs51naw30,Siemens GS51NAW30 White,Freezers
siemens kg34nnl30g iq300 nofrost fridge freezer in st steel 1 86m a,Siemens KG34NNL30G Stainless Steel,Fridge Freezers
panasonic lumix dc g9eb k mirrorless compact system camera black,Panasonic Lumix DC-G9,Digital Cameras
smeg sc45mcb2 oven,Smeg SC45MCB2 White,Microwaves
lg 55 uhd uj670 tv 55uj670v wc01,LG 55UJ670V,TVs
sony kd49xf8505bu/kd49xf8505bu,Sony Bravia KD-49XF8505,TVs
samsung ww90k5413ux 1400rpm 9kg addwash ecobubble washer graphite,Samsung WW90K5413UX,Washing Machines
samsung rs68n8240b1 american style rs8000 fridge freezer with ice water black,Samsung RS68N8240B1/EU Black,Fridge Freezers
f4j6vy2w freestanding washing machine with 9kg load capacity and steam technology in white,LG F4J6VY2W,Washing Machines
sony xperia xa1 dual sim uk sim free smartphone black exclusive to amazon,Sony Xperia XA1 32GB Dual SIM,Mobile Phones
nikon d5600 digital slr camera with af s 18 140 vr lens,Nikon D5600 + 18-140mm VR,Digital Cameras
beko asl141 american style fridge freezer white,Beko ASL141W White,Fridge Freezers
900watts compact microwave 25 litres led black,Bosch HMT84M461B Black,Microwaves
sim free motorola moto g6 32gb mobile phone deep indigo,Moto G6 32GB,Mobile Phones
sharp r270slm microwave oven,Sharp R270SLM Silver,Microwaves
gorenje w7543lc washer 1400spin 7kg white,Gorenje W7543LC,Washing Machines
hoover dxoc68c3b washing machine glossy black 8kg 1600rpm a energy,Hoover DXOC 68C3B,Washing Machines
russell hobbs rhbm2001 20l built in digital 800w solo microwave stainless steel,Russell Hobbs RHBM2001 Stainless Steel,Microwaves
sony bravia kdl40w705c 40 led smart tv,Sony Bravia KDL-40W705C,TVs
hotpoint ultima s line free standing washing machine in white,Hotpoint RPD10477DD,Washing Machines
kitchenaid mda iconic free standing refrigerator in black,Kitchenaid KCFMB 60150L Black,Fridges
beko under counter larder fridge ul584aps silver,Beko UL584APS Silver,Fridges
samsung galaxy note 9 128gb dual sim smartphone ocean blue,Samsung Galaxy Note 9 128GB Dual SIM,Mobile Phones
swan sre10010cn retro mini fridge thermoelectric drinks warmer cooler 17 litres cream,Swan SRE10010CN Cream,Fridges
liebherr cbnef 4815 freestanding fridge freezer comfort,Liebherr CBNef 4815 Comfort Stainless Steel,Fridge Freezers
siemens wd14u520gb 10kg wash 6kg dry freestanding washer dryer white,Siemens WD14U520GB,Washing Machines
indesit bwsc61252w innex 6kg 1200rpm freestanding washing machine white,Indesit BWSC 61252 W UK,Washing Machines
intel xeon e5 2690v4 2.6 ghz 14 core 28 threads 35 mb cache fclga2011 v3 socket box,Intel Xeon E5-2690 v4 2.6GHZ Box,CPUs
zanussi zqa14031dv built under larder fridge door on door 82cm height,Zanussi ZQA14031DV Integrated,Fridges
whirlpool bsnf8151ox/bsnf8151ox,Whirlpool BSNF 8151 OX Stainless Steel,Fridge Freezers
huawei y7 2018 smartphone schwarz,Huawei Y7 2018 Triple SIM,Mobile Phones
hoover dxoc68ac3 8kg washing machine 1600rpm white,Hoover DXOC 68AC3/1-80,Washing Machines
sharp lc 32chg6021kf 32 smart led tv,Sharp Aquos LC-32CHG6021K,TVs
russell hobbs rhfm2363s 23l 800w flatbed digital microwave in silver,Russell Hobbs RHFM2363S Silver,Microwaves
russell hobbs rhmm701b compact solo microwave black,Russell Hobbs RHMM701B Black,Microwaves
hisense 50 inch 50u7auk smart 4k uhd tv with hdr,Hisense H50U7AUK,TVs
funai lcd b2004 20 lcd tv,Funai LCD-B2004 Silver,TVs
samsung rz32m7120bc a tall freezer with all around cooling 315l black,Samsung RZ32M7120BC/EU Black,Freezers
liebherr gt3632 chest freezer comfort stopfrost 333 litre a white,Liebherr GT 3632 White,Freezers
canon eos 4000d digital slr camera with 18 55mm iii lens,Canon EOS 4000D + 18-55mm IS,Digital Cameras
gorenje k hlger t rf 4121 aw,Gorenje RF4121AW White White,Fridge Freezers
lg oled65c8pla 65 oled 4k ultra hd tv,LG OLED65C8PLA,TVs
lg gb6140pzqv multi door american style fridge freezer silver,LG GB6140PZQV Grey,Fridge Freezers
liebherr cn 3115 freestanding fridge freezer comfort,Liebherr CN 3115 White,Fridge Freezers
hisense h65n5750uk 65 inch 4k ultra hd certified freeview play smart tv,Hisense H65N5750,TVs
nokia n81 8gb,Nokia N81 8GB,Mobile Phones
kodak easyshare m863 digital camera pink,Kodak EasyShare M863,Digital Cameras
indesit iwdc6125 washer dryer in white 1200rpm 6kg wash 5kg dry,Indesit IWDC 6125,Washing Machines
kd 65xf7596 baep,Sony KD-65XF7596,TVs
hisense rb381n4wc1 frost free freestanding fridge freezer with water dispenser stainless steel,Hisense RB381N4WC1 Stainless Steel,Fridge Freezers
kuhla kttlf1002 bottle top design tabletop larder fridge,Kuhla KTTF4SSGB-1002 Silver,Fridges
canon eos 77d dslr camera with 18 55mm lens,Canon EOS 77D + 18-55mm IS STM,Digital Cameras
intel xeon e5 4627 v2 octa core 8 core 3.30 ghz processor,Intel Xeon E5-4627 v2 3.3GHz Tray,CPUs
bosch serie 4 integrated larder fridge in white,Bosch KIR41VS30G Integrated,Fridges
aeg a71101tsx0 freezer,AEG A71101TSX0 Stainless Steel,Freezers
intel pentium g3258 3.2 ghz 2 cores 2 threads 3 mb cache lga1150 socket box,Intel Pentium G3258 3.2GHz  Box,CPUs
hewlett packard enterprise amd opteron 2376 he 2.3ghz 6mb l3 processor,HP AMD Opteron Quad-core 2376 HE 2.3GHz Socket F 1000MHz bus Upgrade Tray,CPUs
intel xeon e5 2699rv4 2.2 ghz 22 core 44 threads 55 mb cache lga2011 socket oem,Intel Xeon E5-2699R v4 2.2GHz Tray,CPUs
doogee x10 5 dual sim 0.512gb 8gb 3360mah silver smartphones 12.7 cm 5 8 gb 5 mp android 6.0 silver,Doogee BL5000 Dual SIM,Mobile Phones
blomberg kfd4952xd frost free side by side in,Blomberg KFD4952XD Stainless Steel,Fridge Freezers
hp amd opteron 2220 2.8ghz dc 2mb l2 cache 1ghz cpu kit,HP AMD Opteron 2220 Dual Core 2.8GHz Socket F 1333MHz bus Upgrade Tray,CPUs
sony kd55xf8096bu 55 4k hdr ultra hd smart android led tv amazon alexa,Sony Bravia KD-55XF8096,TVs
philips 48hfl2869t/12. display diagonal 121.9 cm 48 display reso,Philips 48HFL2869T,TVs
candy gvs1410dc3b 10kg 1400 spin washing machine black,Candy GVS1410DC3B,Washing Machines
aeg l7te74275,AEG L7TE74275,Washing Machines
samsung 590 hg32ee590fk 81.3 cm 32 led lcd tv 16 9,Samsung HG32EE590FK,TVs
swan retro free standing microwave oven in cream,Swan SM22030CN Cream Cream,Microwaves
amd opteron 8356 2.3ghz 2mb l3 processor,AMD Opteron 8356 2.3GHz Socket F Tray,CPUs
hoover hsc574w/hsc574w,Hoover HSC574W White,Fridge Freezers
whirlpool art22880asf integrated fridge freezer,Whirlpool ART 6550/A+ SF Integrated,Fridge Freezers
hp intel core 2 duo t7100 1.8ghz 2mb l2 processor,HP Intel Core 2 Duo Mobile T7100 1.8GHz Upgrade Tray,CPUs
bosch no frost fridge freezer in stainless steel look kgn33nl3ag,Bosch KGN33NL3AG Stainless Steel,Fridge Freezers
indesit ib7030a1d.uk integrated 70/30 split static fridge freezer a,Indesit IB7030A1D Integrated,Fridge Freezers
hotpoint mwh2322x,Hotpoint MWH 2322 X Stainless Steel,Microwaves
apple iphone 6s 4.7 single sim 4g 32gb silver,Apple iPhone 6S 32GB,Mobile Phones
intel xeon processor lv 5148 4m cache 2.33 ghz 1333 mhz,Intel Xeon 2.33GHz Socket 771 1333MHz bus Tray,CPUs
samsung rs7567bhcsl side by side frost free fridge freezer,Samsung RS7567BHCSL Stainless Steel,Fridge Freezers
bosch silence plus geschirrsp ler 60cm vollintegriert smv46ax00e,Bosch SMV46AX00E Integrated,Dishwashers
nikon coolpix w100 13.2mp 3x zoom compact camera yellow,Nikon CoolPix W100,Digital Cameras
gorenje stand k hl /gefrier kombination links baby blue rk60319obll,Gorenje RK60319OBL-L Blue,Fridge Freezers
lg 55uk6300plb 55 ultra hd 4k active hdr smart tv,LG 55UK6300PLB,TVs
lg 49sk8100pla 49 suhd led 4k hdr smart webos freeview play hd freesat a rated,LG 49SK8100PLA,TVs
hp intel xeon quad core l5410 2.33ghz fio kit 2.33ghz 12mb l2,HP Intel Quad-Core Xeon L5410 Socket 771 1333MHz bus Upgrade Tray,CPUs
canon eos 200d with 18 135mm is stm lens,Canon EOS 1200D + 18-135mm IS STM,Digital Cameras
montpellier 271litre integrated fridge freezer auto defrost,Montpellier MIFF700 Integrated,Fridge Freezers
nikon d3500 af s dx 18 105 vr,Nikon D3500 + AF-S DX 18-105mm f/3.5-5.6G ED VR,Digital Cameras
amd ryzen 7 1800x 8 core 16 thread am4 cpu processor,AMD Ryzen 7 1800X 3.6GHz Box,CPUs
electrolux enn2872bow fridge freezer,Electrolux ENN2872BOW Integrated,Fridge Freezers
samsung hg49ee690db 49 full hd titanium a 20w,Samsung HG49EE690,TVs
tuff phones tuff t1 sim free unlocked 4g rugged android 6.0 marshmallow 32gb smartphone,Tuff T1 Dual SIM,Mobile Phones
43 fhd,LG 43LJ500V,TVs
lg 55uk7550pla/55uk7550pla,LG 55UK7550,TVs
intel xeon 8164 hexacosa core 26 core 2 ghz processor,Intel Xeon Platinum 8164 2GHz Box,CPUs
washing machine,Hotpoint WMEUF944P,Washing Machines
bosch hmt84m421b 25 litre microwave white,Bosch HMT84M420 White,Microwaves
neff ki2222f30g built in fridge,Neff KI2222F30G Integrated,Fridges
liebherr uik1620 comfort,Liebherr UIK1620,Fridges
cisco intel xeon x5670 2.93ghz 12mb l3 processor,Cisco Intel Xeon X5670 2.93GHz Socket 1366 1333MHz bus Upgrade Tray,CPUs
amd fx 8350 black edition 4.00 ghz 8 mb 125 w octa core processor with hbx wraith cooler,AMD FX 6-Core Black Edition FX-6350 4 GHz  Box,CPUs
alcatel 1054x black front black back sim free smartphone,Alcatel 1054X,Mobile Phones
intel core i5 750 2.66 ghz 4 cores 4 threads 8 mb cache lga1156 socket box,Intel Core I5-750 2.66GHz Socket 1156 Box,CPUs
white knight f085h under counter freezer white,White Knight F085H White,Freezers
samsung rz28h6150bc tall freezer 60cm wide black a energy,Samsung RZ28H6150BC Black,Freezers
amica amm20g1bi 800w 20l built in microwave with grill stainless steel,Amica AMM20G1BI Stainless Steel,Microwaves
neff s41e50w1gb semi integrated dishwasher,Neff S41E50W1GB White,Dishwashers
hewlett packard enterprise intel xeon w3503 2.4ghz 4mb l3 processor,HP Intel Xeon W3503 2.4GHz Upgrade Tray,CPUs
electrolux ems20107ox built in microwave 800w stainless steel,Electrolux EMS20107OX Stainless Steel,Microwaves
google pixel 2,Google Pixel 2 64GB,Mobile Phones
bosch geschirrsp ler exclusiv silence plusl smv46gx00d,Bosch SMV46GX00D Integrated,Dishwashers
smeg fq60npe black four door no frost fridge freezer,Smeg FQ60NPE Black,Fridge Freezers
xiaomi m1803d5xaw mix 2s smartphone 64 gb wei,Xiaomi Mi Mix 2S 6GB RAM 64GB Dual SIM,Mobile Phones
miele k28202dclst 60cm wide freestanding fridge clean steel,Miele K 28202 D ws White,Fridges
miele kfn29132d clst frost free fridge freezer clean steel,Miele KFN29132DCLST Stainless Steel,Fridge Freezers
canon eos 2000d dslr camera with ef s 18 55 mm f/3.5 5.6 is ii lens,Canon EOS 2000D + 18-55mm IS II,Digital Cameras
155litre larder fridge class a white,Zanussi ZRG16602WV White,Fridges
wiko view 14 47 cm 5 7 zoll smartphone 13mp,Wiko View 32GB Dual SIM,Mobile Phones
intel cpu celeron e1400 dual core 1.80ghz 800mhz lga775 512k retail 3yr manufacturers warranty,Intel Celeron E1200 1.6GHz Socket 775 800MHz Box,CPUs
static fridge freezer,Siemens KG33VVI31G Stainless Steel,Fridge Freezers
liebherr sign3524 178cm integrated in column frost free freezer,Liebherr SIGN 3524 Integrated,Freezers
intel bx80684g5600 processor blue,Intel Pentium Gold G5600 3.9GHz  Box,CPUs
bosch serie 2 sms24aw01g 12 place dishwasher with activewate technolog,Bosch SMS24AW01G White,Dishwashers
bosch kgn36ai35g frost free fridge freezer silver,Bosch KGN36AI35G Stainless Steel,Fridge Freezers
samsung hd790 hg40ed790qb 40 inch full hd led backlit smart hotel t,Samsung HG40ED790QB,TVs
frost free fridge freezer,AEG RCB83724VX Stainless Steel,Fridge Freezers
hoover hl1492d3 link with one touch 9kg 1400 spin freestanding washing machine white with white door,Hoover HL1492D3,Washing Machines
siemens sn236i01mg iq 300 60cm freestanding dishwasher stainless steel,Siemens SN236I01MG Stainless Steel,Dishwashers
bosch sps24cw00g 45cm dishwasher,Bosch SPS24CW00G White,Dishwashers
russell hobbs rhclrf17 tabletop cooler white,Russell Hobbs RHCLRF17 White,Fridges
beko ul584apw 55cm under counter larder fridge in white a,Beko UL584APW White,Fridges
aeg l6fbg842r/l6fbg842r,AEG L6FBG842R,Washing Machines
sharp f1526e0i four door fridge freezer,Sharp SJ-F1526E0I Stainless Steel,Fridge Freezers
blomberg ssm9450 55cm tall auto defrost larder,Blomberg SSM9450 White,Fridges
samsung ue55j6300ak 6 series 55 led tv,Samsung UE55J6300,TVs
bosch smv40c30gb activewater 12 place fully integrated dishwasher,Bosch SMV40C30GB Integrated,Dishwashers
nikon d750 digital slr camera with 24 85mm vr lens,Nikon D750 + 24-85mm VR,Digital Cameras
smeg fab32rnc 60cm 50s retro style frost free fridge freezer cream,Smeg FAB32RNC Cream,Fridge Freezers
bosch gsn33ew3v serie 4 wei nofrost,Bosch GSN33EW3V White,Freezers
hewlett packard enterprise 518860 b21 2.2ghz 12mb l3 processor,HP AMD Opteron 6174 2.2GHz Socket G34 6400MHz bus Upgrade Tray,CPUs
lg 49sk8100pla 49 inch super uhd tv,LG 49SK8100PLA,TVs
indesit ld85f1s 189x60cm 296 litre freestanding fridge freezer silver,Indesit LD85F1S Silver,Fridge Freezers
amica fk3216gwdf 297l 60 40 split frost free freestanding fridge freezer white,Amica FK3216GWDF White,Fridge Freezers
smeg fab28rg1 fridge freezer,Smeg FAB28RG1 Yellow,Fridges
iceking ik3633ap2 fridge freezer in white 1 36m 48cmw a rated,Iceking IK3633AP2 White,Fridge Freezers
indesit dsr15bs dishwasher slimline 10place 5prog silver,Indesit DSR15BS Silver,Dishwashers
swan sr11035bn freestanding retro under counter fridge freezer a rated 90 litre matt black,Swan SR11035BN Black,Fridges
sony alpha 68 geh use,Sony Alpha 68,Digital Cameras
siemens iq700 wi14w440 eingebaut frontlader 8kg,Siemens WI14W440,Washing Machines
sharp r664km/r664km,Sharp R664KM Black,Microwaves
hoover dxoa67lw3/1 80 a 7kg 1600 spin washing machine in white,Hoover DXOA 67LW3/1-80,Washing Machines
hotpoint wmaqf721g front loading washing machine 7 kg graphite,Hotpoint WMAQF721G,Washing Machines
samsung rr39m7140ww frost free freestanding fridge white,Samsung RR39M7140WW/EU White,Fridges
alcatel 5009d 2aalew1 13 46 cm 5 3 zoll 1c,Alcatel 1C Dual SIM,Mobile Phones
canon eos 5d mkiv 100 400mm l is usm,Canon EOS 5DS + 100-400mm IS ll USM,Digital Cameras
liebherr k4310 60cm freestanding larder fridge white,Liebherr K 4310 White,Fridges
panasonic tx49fx700b 49 4k ultra hd smart led tv,Panasonic TX-49FX700B,TVs
bosch kgn34vl30g logixx bottom fridge freezer,Bosch KGN34VL30G Stainless Steel,Fridge Freezers
hk stock blackview bv5800 2gb 16gb ip68 waterproof dustproof shock,Blackview BV5800 Dual SIM,Mobile Phones
intel xeon e5 2695v4 2.1 ghz 18 core 36 threads 45 mb cache lga2011 socket box,Intel Xeon E5-2695 v4 2.1GHz  Box,CPUs
hoover hlsi363 built in fully integrated dishwasher,Hoover HLSI 363 Integrated,Dishwashers
samsung galaxy note 2,Samsung Galaxy Note II 16GB,Mobile Phones
nokia nokia 3310 3g charcoal a00028687 ad01,Nokia 3310 3G (2017),Mobile Phones
hotpoint ultima free standing washer dryer in black,Hotpoint FDD9640K,Washing Machines
bauknecht einbau k lteger t kgie 1182 a,Bauknecht KGIE 1182 A+ Integrated,Fridge Freezers
intel xeon l5320 processor 1.86 ghz 8 mb l2,Intel Xeon L5320 1.86GHz Socket 771 1066MHz bus Tray,CPUs
lg g4c,LG G4C,Mobile Phones
bosch ksv36vb30g single door freestanding fridge black,Bosch KSV36VB30G Black,Fridges
intel core i3 i3 3250 dual core 2 core 3.50 ghz processor,Intel Core i3-3250 3.5GHz Tray,CPUs
candy cdp 2l1049w slim dishwasher white,Candy CDP2L1049W White,Dishwashers
kenwood k25mms14 solo microwave silver,Kenwood K25MMS14 Silver,Microwaves
neff n30 gkv 2502c s581c50x3e geschirrsp ler 45 cm vollitegierbar,Neff S581C50X3E Integrated,Dishwashers
swan retro free standing fridge freezer in red,Swan SR11020RN Red,Fridge Freezers
parrot ar drone 2.0 elite edition quadricopter jungle,Samsung UE46F6400,TVs
samsung rb41j7859s4,Samsung RB41J7859S4,Fridge Freezers
l6014w lec 60cm fridge larder white l6014w 444443441 end of september,Lec L6014 White,Fridges
samsung free standing american fridge freezer in stainless steel,Samsung RF56J9040SR Stainless Steel,Fridge Freezers
apple iphone 7 plus 256gb rose gold,Apple iPhone 7 Plus 256GB,Mobile Phones
sony cyber shot dsc hx90b digital camera,Sony Cyber-shot DSC-HX90,Digital Cameras
gigaset gs370 dual sim smartphone jet black,Gigaset GS370 Dual SIM,Mobile Phones
mixed akcija philips ultra hd androidtv ambilight 3 p5 perfect picture engine visible sound 1700 ppi led tv 49pus7503/12,Philips 49PUS7503,TVs
intel xeon w3520 processor 2.66ghz 8m cache,Intel Xeon W3520 2.66GHz Socket 1366 2400MHz bus Tray,CPUs
hewlett packard enterprise dl360p gen8 intel xeon e5 2670 fio kit 2.6ghz 20mb l3 processor,HP Intel Xeon E5-2670 2.6GHz Upgrade Tray,CPUs
mikrowelle mw 7873 230v/900w,Severin MW7873 White,Microwaves
canon eos m5 black body,Canon EOS M5,Digital Cameras
siemens geschirrsp ler 45cm sr536s01ie,Siemens SR536S01IE Stainless Steel,Dishwashers
sony bravia 49 inch premium full hd hdr tv x reality pro triluminos display black 2017 model,Sony Bravia KDL-49WE663,TVs
toshiba 55u6863db 55 inch smart 4k ultra hd hdr led tv freeview play alexa,Toshiba 55U6863DB,TVs
intel core i3 8100 3.6ghz coffee lake quad core processor,Intel Core i3-8100 3.6GHz  Box,CPUs
siemens sx636x01ke geschirrsp ler vollintegriert 60cm,Siemens SX636X01KE Integrated,Dishwashers
intel core i3 7100 3.90ghz s1151 3mb kaby lake cpu,Intel Core i3-7100 3.90GHz  Box,CPUs
samsung wd80m4b53jw 1400 spin 8kg wash 6kg dry washer dryer in white,Samsung WD80M4B53JW/EU,Washing Machines
bosch gin41ae30g built in freezer 127 litres a no frost fixed hinge,Bosch GIN41AE30G Integrated,Freezers
nikon d5300 18 105 mm vr kit black,Nikon D5300 + 18-105mm,Digital Cameras
bosch kiv85vf30g built in fridge freezer 50/50 low frost a fixed hinge,Bosch KIV85VF30G Integrated,Fridge Freezers
indesit lr8s1s fridge freezer 228 111litres a direct cooling silver,Indesit LR8S1S Silver,Fridge Freezers
siemens k hlschrank vitafresh antifingerprint edelstahl ks36fpi30 eek a,Siemens KS36FPI30 Stainless Steel,Fridges
zanussi zbm26642xa built in microwave stainless steel,Zanussi ZBM26642XA Stainless Steel,Microwaves
intel core i5 3210m mobile 2.5 ghz 2 cores 4 threads 3 mb cache pga988 socket oem,Intel Core i5-3210M 2.5GHz Tray,CPUs
russell hobbs rhem2301b 23l easi flatbed digital 800w solo microwave black energy class e,Russell Hobbs RHEM2301B,Microwaves
indesit iwdc6143 ecotime 6kg wash 5kg dry freestanding washer dryer white,Indesit IWDC6143,Washing Machines
siemens gs36nvi3pg iq 300 60cm freestanding frost free freezer stainless steel,Siemens GS36NVI3PG Stainless Steel,Freezers
siemens ki86vvs30 k lteger t einbau 178er nische,Siemens KI86VVS30,Fridge Freezers
apple mqad2b/a 5.8 iphone x 64gb silver in stock uk spec stock,Apple iPhone X 64GB,Mobile Phones
bosch smv40c30gb/smv40c30gb,Bosch SMV40C30GB Integrated,Dishwashers
bosch silence plus geschirrsp ler 45 cm unterbauger t edelstahl spu25cs03e,Bosch SPU25CS03E Stainless Steel,Dishwashers
bosch ksv36vw3pg/ksv36vw3pg,Bosch KSV36VW3PG White,Fridges
aeg rtb81421aw a ws k hlschrank stand,AEG RTB81421AW White,Fridges
sony cyber shot dsc hx300 black,Sony Cyber-Shot DSC-HX300,Digital Cameras
amd ryzen 7 eight core 1700 3.70ghz socket am4 processor retail,AMD Ryzen 7 1700 3GHz Box,CPUs
hoover hvbs5162ak freestanding fridge,Hoover HVBS5162AK Silver,Fridge Freezers
liebherr ik 1960,Liebherr IK 1960 Premium Integrated,Fridges
hotpoint wmaqb741guk 1400 spin 7 kg washing machine euronics exclusive product,Hotpoint WMAQB741G,Washing Machines
intel pentium b960 mobile 2.2 ghz 2 cores 2 threads 2 mb cache pga988 socket oem,Intel Pentium B960 2.2GHz Tray,CPUs
nokia 6120 mobile phone,Nokia 6120 Classic,Mobile Phones
hoover dwft410ah8 one fi extra 10kg 1400 spin wifi enabled washing machine in white,Hoover DWFT 410AH8/1-80,Washing Machines
hoover htz552w 55cm undercounter freezer in white,Hoover HTZ552W White,Freezers
intel cpu prozessor core i3 7100 i3 3 9 ghz skt 1151 kaby lake mb box set dual bx80677i37100,Intel Core i3-7100 3.90GHz  Box,CPUs
built in semi int. slimline dishwasher,Miele G 4620 SCi Stainless Steel,Dishwashers
russell hobbs rhclrf17 tabletop cooler white,Russell Hobbs RHCLRF17 White,Fridges
amd opteron 2210 1.8ghz 2mb l2 processor,AMD Second-Generation Opteron 2210 1.80GHz Socket F 1000MHz bus Tray,CPUs
intel core i7 4702mq 2.2 ghz 4 cores 8 threads 6 mb cache pga946 socket oem,Intel Core i7-4702MQ 2.2GHz Tray,CPUs
cda ci971 60cm integrated white 7kg led 1400rpm 15 programme washer/dr,Bosch WKD28350GB,Washing Machines
sim free iphone xs max 256gb mobile phone silver,Apple iPhone XS Max 256GB,Mobile Phones
cubot note s 3g unlocked smartphone 5.5 inch quad core android 5.1 lollipop os sim free smart phone 2g ram 16g rom hd display dual camera dual sim dual standy high cost effective white,Cubot Note S Dual SIM,Mobile Phones
lg 55sk9500pla 55 super uhd 4k smart tv with full array local dimming,LG 55SK9500PLA,TVs
hp intel xeon e562 quad core processor upgrade 12 mb l3 cache 2.4 ghz,HP Xeon E5620 2.4Ghz Tray,CPUs
whirlpool arg646a,Whirlpool ARG 646 A+ Integrated,Fridges
maxcom comfort mm428 big button dual sim uk sim free 2g mobile phone black/red,Maxcom MM428 Dual SIM,Mobile Phones
doogee s30 carbon black,Doogee S30 Dual SIM,Mobile Phones
blomberg ldv42244 60cm fully integrated dishwasher 14 pl settings a,Blomberg LDV42244 Integrated,Dishwashers
miele g4203i full size semi integrated dishwasher white,Miele G 4203 iwh White,Dishwashers
samsung ecobubble ww70k5410ux front loading washing machine 7 kg graphite,Samsung WW70K5410UX,Washing Machines
sim free sony xperia xz1 64gb mobile phone black,Sony Xperia XZ1 Dual SIM,Mobile Phones
samsung galaxy j3 2016 dual sim j320f black,Samsung Galaxy J3 SM-J320F 8GB Dual SIM,Mobile Phones
hotpoint lstb 6m19 slimline integrated dishwasher,Hotpoint LSTB6M19,Dishwashers
liebherr gn3613 70cm freestanding frost free freezer,Liebherr GN3613 White,Freezers
nikon coolpix a10 compact camera red,Nikon CoolPix A10,Digital Cameras
hotpoint free standing fridge freezer frost free in white,Hotpoint FSFL58W White,Fridge Freezers
amica unterbau k hlschrank dekorf hig uks16157 eek a,Amica UKS 16157 Integrated,Fridges
349litre fridge freezer frost free class a s/st door,Zanussi ZRB38424XA Stainless Steel,Fridge Freezers
hp amd opteron 8356 2.3 ghz processor 2.3ghz 2mb l2 box processor,HP AMD Opteron 8356 2.3GHz Socket F 1000MHs bus Upgrade Tray,CPUs
samsung 55 inch 55nu7400 smart 4k uhd tv with hdr,Samsung UE55NU7400,TVs
russell hobbs rhclrf17b black 17 litre cooler,Russell Hobbs RHCLRF17B Black,Fridges
siemens einbau k hlschrank ki24re61,Siemens KI24RE61 Integrated,Fridges
mikrowellenger t hf 12m540,Siemens HF12M540 Stainless Steel,Microwaves
bosch smv40c30gb serie 2 60cm fully integrated,Bosch SMV40C30GB Integrated,Dishwashers
samsung ue55nu7100 55 4k hdr ultra hd smart led tv in black 1300 pqi,Samsung UE55NU7100,TVs
intel xeon processor x7350 8m cache 2.93 ghz 1066 mhz,Intel Xeon X7350 2.93GHz Tray,CPUs
servis fd911x 630 litre 4 door american fridge freezer stainless steel,Servis FD911X Stainless Steel,Fridge Freezers
severin mw 7891 microwave 700 w grill function,Severin MW 7891 White,Microwaves
nikon d850 geh use,Nikon D850,Digital Cameras
bosch ksv36nw30g freestanding 112l a whitefridge 112l sn t 39db a white,Bosch KSV36NW30G White,Fridges
sony h300 cybershot schwarz dsch300b,Sony Cyber-shot DSC-H300,Digital Cameras
intel xeon e3 1230 v3 quad core 4 core 3.30 ghz processor,Intel Xeon E3-1230 v3 3.3GHz Tray,CPUs
hewlett packard enterprise amd opteron 8347 he 1.9ghz 2mb l3 processor,HP AMD Opteron Quad-core 8347 HE 1.9GHz Socket F 1000MHz bus Upgrade Tray,CPUs
bosch serie 4 wan24100gb 7kg 1200rpm freestanding washing machine white,Bosch WAN24100GB,Washing Machines
blomberg 1400 spin 8 kg washing machine lwf28442b,Blomberg LWF28442,Washing Machines
bosch wiw28500gb series 8 8kg integrated washing machine,Bosch WIW28500GB,Washing Machines
liebherr gnp 2313 freestanding freezer comfort,Liebherr GNP 2313 White,Freezers
indesit tfaa 10 si uk .1 undercounter fridge silver,Indesit TFAA 10 SI Silver,Fridges
lg 60uj630v 60 uhd 4k hdr led tv,LG 60UJ630V,TVs
nikon d5600 18 55mm af p vr kit,Nikon D5600 + AF-P 18-55mm VR,Digital Cameras
gorenje fn6192cxuk freezer frost free 243l a 185cm stanless steel,Gorenje FN6192CX Stainless Steel,Freezers
cubot note plus blue 5.2 32gb 4g unlocked sim free,Cubot Note Plus Dual SIM,Mobile Phones
lg electronics 75sj955v fernseher super ultra,LG 75SJ955V,TVs
blackberry q20 classic sqc100 1 unlocked 16gb smartphone mint condition,Blackberry Classic,Mobile Phones
amd opteron 6338p 2.3 ghz 12 core 16 mb cache socket g34 pib/wof,AMD Opteron 6338P 2.3GHz Tray,CPUs
zanussi zwf81460w 8kg 1400 spin white freestanding washing machine,Zanussi ZWF81460W,Washing Machines
beko wiy74545 7kg 1400 spin built in washing machine with led display 2 year parts labour guarantee,Beko WIY74545,Washing Machines
electriq 49 4k ultra hd led android smart tv with freeview hd,ElectrIQ EIQ-49UHDT2SM,TVs
smeg fab28qne1 60cm retro style fridge and ice box in black with right hand hinge,Smeg FAB28QNE1 Black,Fridges
samsung galaxy s7 sm g930f 5.1 single sim 4g 4gb 32gb 3000mah black,Samsung Galaxy S7 32GB,Mobile Phones
motorola moto g5 lunar grey 5 16gb 4g unlocked sim free,Moto G5 2GB RAM,Mobile Phones
zanussi integrated microwave oven in stainless steel,Zanussi ZBM26642XA Stainless Steel,Microwaves
neff hw 5220 n h52w20n3,Neff H52W20N3 Stainless Steel,Microwaves
beko fxs5043s undercounter freezer silver,Beko FXS5043S Silver,Freezers
philips 55pus7303/12 55 inch 4k ultra hd android smart tv with hdr plus and ambilight 3 sided dark silver 2018 model,Philips 55PUS7303,TVs
lg l40,LG L40,Mobile Phones
panasonic lumix g9 lumix 12 35/2.8 ii,Panasonic Lumix DC-G9 + 12-35mm ll OIS,Digital Cameras
samsung galaxy j4 2018 dual sim 16gb sm j400fd/ds orchid gray,Samsung Galaxy J4 Dual SIM,Mobile Phones
hotpoint ctz55g 55cm undercounter freezer in graphite 0 85m 84l a,Hotpoint CTZ55G Graphite,Freezers
lg oled65b8slc/oled65b8slc,LG OLED65B8PLA,TVs
intel core i5 7500t processor 6m cache up to 3.30 ghz 2.70ghz 6mb smart cache box,Intel Core i5-7500T 2.70GHz  BOX,CPUs
siemens iq 300 integrated fridge freezer in white,Siemens KI85VVF30G Integrated,Fridge Freezers
bosch kgv36vw32g fridge freezer,Bosch KGV36VW32G White,Fridge Freezers
